Release 14.7 - xst P.20131013 (lin64)
Copyright (c) 1995-2013 Xilinx, Inc.  All rights reserved.
--> 
Parameter TMPDIR set to xst/projnav.tmp


Total REAL time to Xst completion: 0.00 secs
Total CPU time to Xst completion: 0.06 secs
 
--> 
Parameter xsthdpdir set to xst


Total REAL time to Xst completion: 0.00 secs
Total CPU time to Xst completion: 0.06 secs
 
--> 
Reading design: module_Filtro_Master.prj

TABLE OF CONTENTS
  1) Synthesis Options Summary
  2) HDL Parsing
  3) HDL Elaboration
  4) HDL Synthesis
       4.1) HDL Synthesis Report
  5) Advanced HDL Synthesis
       5.1) Advanced HDL Synthesis Report
  6) Low Level Synthesis
  7) Partition Report
  8) Design Summary
       8.1) Primitive and Black Box Usage
       8.2) Device utilization summary
       8.3) Partition Resource Summary
       8.4) Timing Report
            8.4.1) Clock Information
            8.4.2) Asynchronous Control Signals Information
            8.4.3) Timing Summary
            8.4.4) Timing Details
            8.4.5) Cross Clock Domains Report


=========================================================================
*                      Synthesis Options Summary                        *
=========================================================================
---- Source Parameters
Input File Name                    : "module_Filtro_Master.prj"
Ignore Synthesis Constraint File   : NO

---- Target Parameters
Output File Name                   : "module_Filtro_Master"
Output Format                      : NGC
Target Device                      : xc6slx16-3-csg324

---- Source Options
Top Module Name                    : module_Filtro_Master
Automatic FSM Extraction           : YES
FSM Encoding Algorithm             : Auto
Safe Implementation                : No
FSM Style                          : LUT
RAM Extraction                     : Yes
RAM Style                          : Auto
ROM Extraction                     : Yes
Shift Register Extraction          : YES
ROM Style                          : Auto
Resource Sharing                   : YES
Asynchronous To Synchronous        : NO
Shift Register Minimum Size        : 2
Use DSP Block                      : Auto
Automatic Register Balancing       : No

---- Target Options
LUT Combining                      : Auto
Reduce Control Sets                : Auto
Add IO Buffers                     : YES
Global Maximum Fanout              : 100000
Add Generic Clock Buffer(BUFG)     : 16
Register Duplication               : YES
Optimize Instantiated Primitives   : NO
Use Clock Enable                   : Auto
Use Synchronous Set                : Auto
Use Synchronous Reset              : Auto
Pack IO Registers into IOBs        : Auto
Equivalent register Removal        : YES

---- General Options
Optimization Goal                  : Speed
Optimization Effort                : 1
Power Reduction                    : NO
Keep Hierarchy                     : No
Netlist Hierarchy                  : As_Optimized
RTL Output                         : Yes
Global Optimization                : AllClockNets
Read Cores                         : YES
Write Timing Constraints           : NO
Cross Clock Analysis               : NO
Hierarchy Separator                : /
Bus Delimiter                      : <>
Case Specifier                     : Maintain
Slice Utilization Ratio            : 100
BRAM Utilization Ratio             : 100
DSP48 Utilization Ratio            : 100
Auto BRAM Packing                  : NO
Slice Utilization Ratio Delta      : 5

---- Other Options
Cores Search Directories           : {"ipcore_dir"  }

=========================================================================


=========================================================================
*                          HDL Parsing                                  *
=========================================================================
Parsing VHDL file "/home/ise/ISE-FiltroFIR/FiltroFIR/ipcore_dir/DivFrecppal.vhd" into library work
Parsing entity <DivFrecppal>.
Parsing architecture <xilinx> of entity <divfrecppal>.
Parsing VHDL file "/home/ise/ISE-FiltroFIR/FiltroFIR/modulo_sum.vhd" into library work
Parsing entity <modulo_sum>.
Parsing architecture <comport_modulo_sum> of entity <modulo_sum>.
Parsing VHDL file "/home/ise/ISE-FiltroFIR/FiltroFIR/module_prod.vhd" into library work
Parsing entity <module_prod>.
Parsing architecture <comport_module_prod> of entity <module_prod>.
Parsing VHDL file "/home/ise/ISE-FiltroFIR/FiltroFIR/module_filtro_fir.vhd" into library work
Parsing entity <module_filtro_fir>.
Parsing architecture <Comportamient_fir> of entity <module_filtro_fir>.
Parsing VHDL file "/home/ise/ISE-FiltroFIR/FiltroFIR/module_Ca2Bin.vhd" into library work
Parsing entity <module_Ca2Bin>.
Parsing architecture <comport_module_Ca2Bin> of entity <module_ca2bin>.
Parsing VHDL file "/home/ise/ISE-FiltroFIR/FiltroFIR/module_BinCa2.vhd" into library work
Parsing entity <module_BinCa2>.
Parsing architecture <comport_module_BinCa2> of entity <module_binca2>.
Parsing VHDL file "/home/ise/ISE-FiltroFIR/FiltroFIR/top_desing.vhd" into library work
Parsing entity <top_desing>.
Parsing architecture <Comportamient_top> of entity <top_desing>.
Parsing VHDL file "/home/ise/ISE-FiltroFIR/FiltroFIR/module_DAC_ctrl.vhd" into library work
Parsing entity <module_DAC_ctrl>.
Parsing architecture <Behavioral> of entity <module_dac_ctrl>.
Parsing VHDL file "/home/ise/ISE-FiltroFIR/FiltroFIR/module_ADC_ctrl.vhd" into library work
Parsing entity <module_ADC_ctrl>.
Parsing architecture <comport_module_ADC_ctrl> of entity <module_adc_ctrl>.
Parsing VHDL file "/home/ise/ISE-FiltroFIR/FiltroFIR/DivFrec.vhd" into library work
Parsing entity <DivFrec>.
Parsing architecture <Behavioral> of entity <divfrec>.
Parsing VHDL file "/home/ise/ISE-FiltroFIR/FiltroFIR/ClockForward.vhd" into library work
Parsing entity <ClockForward>.
Parsing architecture <Behavioral> of entity <clockforward>.
Parsing VHDL file "/home/ise/ISE-FiltroFIR/FiltroFIR/module_Filtro_master.vhd" into library work
Parsing entity <module_Filtro_Master>.
Parsing architecture <comport_module_Filtro_Master> of entity <module_filtro_master>.

=========================================================================
*                            HDL Elaboration                            *
=========================================================================

Elaborating entity <module_Filtro_Master> (architecture <comport_module_Filtro_Master>) from library <work>.

Elaborating entity <DivFrecppal> (architecture <xilinx>) from library <work>.

Elaborating entity <DivFrec> (architecture <Behavioral>) with generics from library <work>.

Elaborating entity <module_ADC_ctrl> (architecture <comport_module_ADC_ctrl>) from library <work>.

Elaborating entity <ClockForward> (architecture <Behavioral>) from library <work>.

Elaborating entity <top_desing> (architecture <Comportamient_top>) with generics from library <work>.

Elaborating entity <module_BinCa2> (architecture <comport_module_BinCa2>) from library <work>.

Elaborating entity <module_filtro_fir> (architecture <Comportamient_fir>) with generics from library <work>.
WARNING:HDLCompiler:92 - "/home/ise/ISE-FiltroFIR/FiltroFIR/module_filtro_fir.vhd" Line 161: coeb_impulrespon_rect should be on the sensitivity list of the process
WARNING:HDLCompiler:92 - "/home/ise/ISE-FiltroFIR/FiltroFIR/module_filtro_fir.vhd" Line 165: coeb_impulrespon_hamm should be on the sensitivity list of the process
WARNING:HDLCompiler:92 - "/home/ise/ISE-FiltroFIR/FiltroFIR/module_filtro_fir.vhd" Line 169: coeb_impulrespon_barl should be on the sensitivity list of the process

Elaborating entity <module_prod> (architecture <comport_module_prod>) from library <work>.

Elaborating entity <modulo_sum> (architecture <comport_modulo_sum>) from library <work>.
WARNING:HDLCompiler:1127 - "/home/ise/ISE-FiltroFIR/FiltroFIR/module_filtro_fir.vhd" Line 293: Assignment to recuperacion ignored, since the identifier is never used

Elaborating entity <module_Ca2Bin> (architecture <comport_module_Ca2Bin>) from library <work>.

Elaborating entity <module_DAC_ctrl> (architecture <Behavioral>) from library <work>.

=========================================================================
*                           HDL Synthesis                               *
=========================================================================

Synthesizing Unit <module_Filtro_Master>.
    Related source file is "/home/ise/ISE-FiltroFIR/FiltroFIR/module_Filtro_master.vhd".
    Summary:
	no macro.
Unit <module_Filtro_Master> synthesized.

Synthesizing Unit <DivFrecppal>.
    Related source file is "/home/ise/ISE-FiltroFIR/FiltroFIR/ipcore_dir/DivFrecppal.vhd".
    Summary:
	no macro.
Unit <DivFrecppal> synthesized.

Synthesizing Unit <DivFrec>.
    Related source file is "/home/ise/ISE-FiltroFIR/FiltroFIR/DivFrec.vhd".
        cuenta = 40
    Found 6-bit register for signal <cuenta2>.
    Found 1-bit register for signal <clkout>.
    Found 6-bit adder for signal <cuenta2[5]_GND_14_o_add_5_OUT> created at line 39.
    Found 6-bit comparator greater for signal <cuenta2[5]_GND_14_o_LessThan_3_o> created at line 34
    Found 6-bit comparator lessequal for signal <cuenta2[5]_PWR_9_o_LessThan_5_o> created at line 37
    Summary:
	inferred   1 Adder/Subtractor(s).
	inferred   7 D-type flip-flop(s).
	inferred   2 Comparator(s).
Unit <DivFrec> synthesized.

Synthesizing Unit <module_ADC_ctrl>.
    Related source file is "/home/ise/ISE-FiltroFIR/FiltroFIR/module_ADC_ctrl.vhd".
    Found 1-bit register for signal <o_cs>.
    Found 12-bit register for signal <data>.
    Found 12-bit register for signal <o_dato>.
    Found 1-bit register for signal <ini_ant>.
    Found 5-bit register for signal <cuenta>.
    Found 5-bit adder for signal <cuenta[4]_GND_15_o_add_5_OUT> created at line 78.
    Found 5-bit comparator greater for signal <cuenta[4]_GND_15_o_LessThan_1_o> created at line 53
    Found 5-bit comparator greater for signal <cuenta[4]_GND_15_o_LessThan_3_o> created at line 60
    Summary:
	inferred   1 Adder/Subtractor(s).
	inferred  31 D-type flip-flop(s).
	inferred   2 Comparator(s).
	inferred   1 Multiplexer(s).
Unit <module_ADC_ctrl> synthesized.

Synthesizing Unit <ClockForward>.
    Related source file is "/home/ise/ISE-FiltroFIR/FiltroFIR/ClockForward.vhd".
    Summary:
	no macro.
Unit <ClockForward> synthesized.

Synthesizing Unit <top_desing>.
    Related source file is "/home/ise/ISE-FiltroFIR/FiltroFIR/top_desing.vhd".
        selector_sample = 31
        selector_coe = 16
    Summary:
	no macro.
Unit <top_desing> synthesized.

Synthesizing Unit <module_BinCa2>.
    Related source file is "/home/ise/ISE-FiltroFIR/FiltroFIR/module_BinCa2.vhd".
    Summary:
	no macro.
Unit <module_BinCa2> synthesized.

Synthesizing Unit <module_filtro_fir>.
    Related source file is "/home/ise/ISE-FiltroFIR/FiltroFIR/module_filtro_fir.vhd".
        i_sample_selec = 31
        i_coe_selec = 16
    Found 32-bit register for signal <delay<29>>.
    Found 32-bit register for signal <delay<28>>.
    Found 32-bit register for signal <delay<27>>.
    Found 32-bit register for signal <delay<26>>.
    Found 32-bit register for signal <delay<25>>.
    Found 32-bit register for signal <delay<24>>.
    Found 32-bit register for signal <delay<23>>.
    Found 32-bit register for signal <delay<22>>.
    Found 32-bit register for signal <delay<21>>.
    Found 32-bit register for signal <delay<20>>.
    Found 32-bit register for signal <delay<19>>.
    Found 32-bit register for signal <delay<18>>.
    Found 32-bit register for signal <delay<17>>.
    Found 32-bit register for signal <delay<16>>.
    Found 32-bit register for signal <delay<15>>.
    Found 32-bit register for signal <delay<14>>.
    Found 32-bit register for signal <delay<13>>.
    Found 32-bit register for signal <delay<12>>.
    Found 32-bit register for signal <delay<11>>.
    Found 32-bit register for signal <delay<10>>.
    Found 32-bit register for signal <delay<9>>.
    Found 32-bit register for signal <delay<8>>.
    Found 32-bit register for signal <delay<7>>.
    Found 32-bit register for signal <delay<6>>.
    Found 32-bit register for signal <delay<5>>.
    Found 32-bit register for signal <delay<4>>.
    Found 32-bit register for signal <delay<3>>.
    Found 32-bit register for signal <delay<2>>.
    Found 32-bit register for signal <delay<1>>.
    Found 32-bit register for signal <delay<0>>.
    Found 32-bit register for signal <delay<30>>.
    Summary:
	inferred 992 D-type flip-flop(s).
	inferred  13 Multiplexer(s).
Unit <module_filtro_fir> synthesized.

Synthesizing Unit <module_prod>.
    Related source file is "/home/ise/ISE-FiltroFIR/FiltroFIR/module_prod.vhd".
    Found 33-bit adder for signal <suma> created at line 27.
    Found 12x18-bit multiplier for signal <result> created at line 31.
    Summary:
	inferred   1 Multiplier(s).
	inferred   1 Adder/Subtractor(s).
Unit <module_prod> synthesized.

Synthesizing Unit <modulo_sum>.
    Related source file is "/home/ise/ISE-FiltroFIR/FiltroFIR/modulo_sum.vhd".
    Found 33-bit adder for signal <result> created at line 26.
    Summary:
	inferred   1 Adder/Subtractor(s).
Unit <modulo_sum> synthesized.

Synthesizing Unit <module_Ca2Bin>.
    Related source file is "/home/ise/ISE-FiltroFIR/FiltroFIR/module_Ca2Bin.vhd".
WARNING:Xst:647 - Input <i_y<9:0>> is never used. This port will be preserved and left unconnected if it belongs to a top-level block or it belongs to a sub-block and the hierarchy of this sub-block is preserved.
WARNING:Xst:647 - Input <i_y<30:21>> is never used. This port will be preserved and left unconnected if it belongs to a top-level block or it belongs to a sub-block and the hierarchy of this sub-block is preserved.
    Summary:
	no macro.
Unit <module_Ca2Bin> synthesized.

Synthesizing Unit <module_DAC_ctrl>.
    Related source file is "/home/ise/ISE-FiltroFIR/FiltroFIR/module_DAC_ctrl.vhd".
    Found 1-bit register for signal <o_sync>.
    Found 16-bit register for signal <data>.
    Found 16-bit register for signal <datb>.
    Found 1-bit register for signal <ini_ant>.
    Found 5-bit register for signal <cuenta>.
    Found 5-bit adder for signal <cuenta[4]_GND_59_o_add_3_OUT> created at line 63.
    Found 5-bit comparator greater for signal <cuenta[4]_PWR_21_o_LessThan_3_o> created at line 54
    Summary:
	inferred   1 Adder/Subtractor(s).
	inferred  39 D-type flip-flop(s).
	inferred   1 Comparator(s).
	inferred  61 Multiplexer(s).
Unit <module_DAC_ctrl> synthesized.

=========================================================================
HDL Synthesis Report

Macro Statistics
# Multipliers                                          : 16
 18x12-bit multiplier                                  : 16
# Adders/Subtractors                                   : 34
 33-bit adder                                          : 31
 5-bit adder                                           : 2
 6-bit adder                                           : 1
# Registers                                            : 43
 1-bit register                                        : 5
 12-bit register                                       : 2
 16-bit register                                       : 2
 32-bit register                                       : 31
 5-bit register                                        : 2
 6-bit register                                        : 1
# Comparators                                          : 5
 5-bit comparator greater                              : 3
 6-bit comparator greater                              : 1
 6-bit comparator lessequal                            : 1
# Multiplexers                                         : 75
 1-bit 2-to-1 multiplexer                              : 61
 12-bit 2-to-1 multiplexer                             : 13
 16-bit 2-to-1 multiplexer                             : 1

=========================================================================

=========================================================================
*                       Advanced HDL Synthesis                          *
=========================================================================

WARNING:Xst:1293 - FF/Latch <delay_0_0> has a constant value of 0 in block <module_filtro_fir_inst>. This FF/Latch will be trimmed during the optimization process.
WARNING:Xst:1293 - FF/Latch <delay_0_1> has a constant value of 0 in block <module_filtro_fir_inst>. This FF/Latch will be trimmed during the optimization process.
WARNING:Xst:1293 - FF/Latch <delay_0_2> has a constant value of 0 in block <module_filtro_fir_inst>. This FF/Latch will be trimmed during the optimization process.
WARNING:Xst:1293 - FF/Latch <delay_0_3> has a constant value of 0 in block <module_filtro_fir_inst>. This FF/Latch will be trimmed during the optimization process.
WARNING:Xst:1293 - FF/Latch <delay_0_4> has a constant value of 0 in block <module_filtro_fir_inst>. This FF/Latch will be trimmed during the optimization process.
WARNING:Xst:1293 - FF/Latch <delay_0_5> has a constant value of 0 in block <module_filtro_fir_inst>. This FF/Latch will be trimmed during the optimization process.
WARNING:Xst:1293 - FF/Latch <delay_0_6> has a constant value of 0 in block <module_filtro_fir_inst>. This FF/Latch will be trimmed during the optimization process.
WARNING:Xst:1293 - FF/Latch <delay_0_7> has a constant value of 0 in block <module_filtro_fir_inst>. This FF/Latch will be trimmed during the optimization process.
WARNING:Xst:1293 - FF/Latch <delay_0_8> has a constant value of 0 in block <module_filtro_fir_inst>. This FF/Latch will be trimmed during the optimization process.
WARNING:Xst:1293 - FF/Latch <delay_0_9> has a constant value of 0 in block <module_filtro_fir_inst>. This FF/Latch will be trimmed during the optimization process.
WARNING:Xst:1896 - Due to other FF/Latch trimming, FF/Latch <delay_1_9> has a constant value of 0 in block <module_filtro_fir_inst>. This FF/Latch will be trimmed during the optimization process.
WARNING:Xst:1896 - Due to other FF/Latch trimming, FF/Latch <delay_1_8> has a constant value of 0 in block <module_filtro_fir_inst>. This FF/Latch will be trimmed during the optimization process.
WARNING:Xst:1896 - Due to other FF/Latch trimming, FF/Latch <delay_1_7> has a constant value of 0 in block <module_filtro_fir_inst>. This FF/Latch will be trimmed during the optimization process.
WARNING:Xst:1896 - Due to other FF/Latch trimming, FF/Latch <delay_1_6> has a constant value of 0 in block <module_filtro_fir_inst>. This FF/Latch will be trimmed during the optimization process.
WARNING:Xst:1896 - Due to other FF/Latch trimming, FF/Latch <delay_1_5> has a constant value of 0 in block <module_filtro_fir_inst>. This FF/Latch will be trimmed during the optimization process.
WARNING:Xst:1896 - Due to other FF/Latch trimming, FF/Latch <delay_1_4> has a constant value of 0 in block <module_filtro_fir_inst>. This FF/Latch will be trimmed during the optimization process.
WARNING:Xst:1896 - Due to other FF/Latch trimming, FF/Latch <delay_1_3> has a constant value of 0 in block <module_filtro_fir_inst>. This FF/Latch will be trimmed during the optimization process.
WARNING:Xst:1896 - Due to other FF/Latch trimming, FF/Latch <delay_1_2> has a constant value of 0 in block <module_filtro_fir_inst>. This FF/Latch will be trimmed during the optimization process.
WARNING:Xst:1896 - Due to other FF/Latch trimming, FF/Latch <delay_1_1> has a constant value of 0 in block <module_filtro_fir_inst>. This FF/Latch will be trimmed during the optimization process.
WARNING:Xst:1896 - Due to other FF/Latch trimming, FF/Latch <delay_1_0> has a constant value of 0 in block <module_filtro_fir_inst>. This FF/Latch will be trimmed during the optimization process.
WARNING:Xst:1896 - Due to other FF/Latch trimming, FF/Latch <delay_2_9> has a constant value of 0 in block <module_filtro_fir_inst>. This FF/Latch will be trimmed during the optimization process.
WARNING:Xst:1896 - Due to other FF/Latch trimming, FF/Latch <delay_2_8> has a constant value of 0 in block <module_filtro_fir_inst>. This FF/Latch will be trimmed during the optimization process.
WARNING:Xst:1896 - Due to other FF/Latch trimming, FF/Latch <delay_2_7> has a constant value of 0 in block <module_filtro_fir_inst>. This FF/Latch will be trimmed during the optimization process.
WARNING:Xst:1896 - Due to other FF/Latch trimming, FF/Latch <delay_2_6> has a constant value of 0 in block <module_filtro_fir_inst>. This FF/Latch will be trimmed during the optimization process.
WARNING:Xst:1896 - Due to other FF/Latch trimming, FF/Latch <delay_2_5> has a constant value of 0 in block <module_filtro_fir_inst>. This FF/Latch will be trimmed during the optimization process.
WARNING:Xst:1896 - Due to other FF/Latch trimming, FF/Latch <delay_2_4> has a constant value of 0 in block <module_filtro_fir_inst>. This FF/Latch will be trimmed during the optimization process.
WARNING:Xst:1896 - Due to other FF/Latch trimming, FF/Latch <delay_2_3> has a constant value of 0 in block <module_filtro_fir_inst>. This FF/Latch will be trimmed during the optimization process.
WARNING:Xst:1896 - Due to other FF/Latch trimming, FF/Latch <delay_2_2> has a constant value of 0 in block <module_filtro_fir_inst>. This FF/Latch will be trimmed during the optimization process.
WARNING:Xst:1896 - Due to other FF/Latch trimming, FF/Latch <delay_2_1> has a constant value of 0 in block <module_filtro_fir_inst>. This FF/Latch will be trimmed during the optimization process.
WARNING:Xst:1896 - Due to other FF/Latch trimming, FF/Latch <delay_2_0> has a constant value of 0 in block <module_filtro_fir_inst>. This FF/Latch will be trimmed during the optimization process.
WARNING:Xst:1896 - Due to other FF/Latch trimming, FF/Latch <delay_3_9> has a constant value of 0 in block <module_filtro_fir_inst>. This FF/Latch will be trimmed during the optimization process.
WARNING:Xst:1896 - Due to other FF/Latch trimming, FF/Latch <delay_3_8> has a constant value of 0 in block <module_filtro_fir_inst>. This FF/Latch will be trimmed during the optimization process.
WARNING:Xst:1896 - Due to other FF/Latch trimming, FF/Latch <delay_3_7> has a constant value of 0 in block <module_filtro_fir_inst>. This FF/Latch will be trimmed during the optimization process.
WARNING:Xst:1896 - Due to other FF/Latch trimming, FF/Latch <delay_3_6> has a constant value of 0 in block <module_filtro_fir_inst>. This FF/Latch will be trimmed during the optimization process.
WARNING:Xst:1896 - Due to other FF/Latch trimming, FF/Latch <delay_3_5> has a constant value of 0 in block <module_filtro_fir_inst>. This FF/Latch will be trimmed during the optimization process.
WARNING:Xst:1896 - Due to other FF/Latch trimming, FF/Latch <delay_3_4> has a constant value of 0 in block <module_filtro_fir_inst>. This FF/Latch will be trimmed during the optimization process.
WARNING:Xst:1896 - Due to other FF/Latch trimming, FF/Latch <delay_3_3> has a constant value of 0 in block <module_filtro_fir_inst>. This FF/Latch will be trimmed during the optimization process.
WARNING:Xst:1896 - Due to other FF/Latch trimming, FF/Latch <delay_3_2> has a constant value of 0 in block <module_filtro_fir_inst>. This FF/Latch will be trimmed during the optimization process.
WARNING:Xst:1896 - Due to other FF/Latch trimming, FF/Latch <delay_3_1> has a constant value of 0 in block <module_filtro_fir_inst>. This FF/Latch will be trimmed during the optimization process.
WARNING:Xst:1896 - Due to other FF/Latch trimming, FF/Latch <delay_3_0> has a constant value of 0 in block <module_filtro_fir_inst>. This FF/Latch will be trimmed during the optimization process.
WARNING:Xst:1896 - Due to other FF/Latch trimming, FF/Latch <delay_4_9> has a constant value of 0 in block <module_filtro_fir_inst>. This FF/Latch will be trimmed during the optimization process.
WARNING:Xst:1896 - Due to other FF/Latch trimming, FF/Latch <delay_4_8> has a constant value of 0 in block <module_filtro_fir_inst>. This FF/Latch will be trimmed during the optimization process.
WARNING:Xst:1896 - Due to other FF/Latch trimming, FF/Latch <delay_4_7> has a constant value of 0 in block <module_filtro_fir_inst>. This FF/Latch will be trimmed during the optimization process.
WARNING:Xst:1896 - Due to other FF/Latch trimming, FF/Latch <delay_4_6> has a constant value of 0 in block <module_filtro_fir_inst>. This FF/Latch will be trimmed during the optimization process.
WARNING:Xst:1896 - Due to other FF/Latch trimming, FF/Latch <delay_4_5> has a constant value of 0 in block <module_filtro_fir_inst>. This FF/Latch will be trimmed during the optimization process.
WARNING:Xst:1896 - Due to other FF/Latch trimming, FF/Latch <delay_4_4> has a constant value of 0 in block <module_filtro_fir_inst>. This FF/Latch will be trimmed during the optimization process.
WARNING:Xst:1896 - Due to other FF/Latch trimming, FF/Latch <delay_4_3> has a constant value of 0 in block <module_filtro_fir_inst>. This FF/Latch will be trimmed during the optimization process.
WARNING:Xst:1896 - Due to other FF/Latch trimming, FF/Latch <delay_4_2> has a constant value of 0 in block <module_filtro_fir_inst>. This FF/Latch will be trimmed during the optimization process.
WARNING:Xst:1896 - Due to other FF/Latch trimming, FF/Latch <delay_4_1> has a constant value of 0 in block <module_filtro_fir_inst>. This FF/Latch will be trimmed during the optimization process.
WARNING:Xst:1896 - Due to other FF/Latch trimming, FF/Latch <delay_4_0> has a constant value of 0 in block <module_filtro_fir_inst>. This FF/Latch will be trimmed during the optimization process.
WARNING:Xst:1896 - Due to other FF/Latch trimming, FF/Latch <delay_5_9> has a constant value of 0 in block <module_filtro_fir_inst>. This FF/Latch will be trimmed during the optimization process.
WARNING:Xst:1896 - Due to other FF/Latch trimming, FF/Latch <delay_5_8> has a constant value of 0 in block <module_filtro_fir_inst>. This FF/Latch will be trimmed during the optimization process.
WARNING:Xst:1896 - Due to other FF/Latch trimming, FF/Latch <delay_5_7> has a constant value of 0 in block <module_filtro_fir_inst>. This FF/Latch will be trimmed during the optimization process.
WARNING:Xst:1896 - Due to other FF/Latch trimming, FF/Latch <delay_5_6> has a constant value of 0 in block <module_filtro_fir_inst>. This FF/Latch will be trimmed during the optimization process.
WARNING:Xst:1896 - Due to other FF/Latch trimming, FF/Latch <delay_5_5> has a constant value of 0 in block <module_filtro_fir_inst>. This FF/Latch will be trimmed during the optimization process.
WARNING:Xst:1896 - Due to other FF/Latch trimming, FF/Latch <delay_5_4> has a constant value of 0 in block <module_filtro_fir_inst>. This FF/Latch will be trimmed during the optimization process.
WARNING:Xst:1896 - Due to other FF/Latch trimming, FF/Latch <delay_5_3> has a constant value of 0 in block <module_filtro_fir_inst>. This FF/Latch will be trimmed during the optimization process.
WARNING:Xst:1896 - Due to other FF/Latch trimming, FF/Latch <delay_5_2> has a constant value of 0 in block <module_filtro_fir_inst>. This FF/Latch will be trimmed during the optimization process.
WARNING:Xst:1896 - Due to other FF/Latch trimming, FF/Latch <delay_5_1> has a constant value of 0 in block <module_filtro_fir_inst>. This FF/Latch will be trimmed during the optimization process.
WARNING:Xst:1896 - Due to other FF/Latch trimming, FF/Latch <delay_5_0> has a constant value of 0 in block <module_filtro_fir_inst>. This FF/Latch will be trimmed during the optimization process.
WARNING:Xst:1896 - Due to other FF/Latch trimming, FF/Latch <delay_6_9> has a constant value of 0 in block <module_filtro_fir_inst>. This FF/Latch will be trimmed during the optimization process.
WARNING:Xst:1896 - Due to other FF/Latch trimming, FF/Latch <delay_6_8> has a constant value of 0 in block <module_filtro_fir_inst>. This FF/Latch will be trimmed during the optimization process.
WARNING:Xst:1896 - Due to other FF/Latch trimming, FF/Latch <delay_6_7> has a constant value of 0 in block <module_filtro_fir_inst>. This FF/Latch will be trimmed during the optimization process.
WARNING:Xst:1896 - Due to other FF/Latch trimming, FF/Latch <delay_6_6> has a constant value of 0 in block <module_filtro_fir_inst>. This FF/Latch will be trimmed during the optimization process.
WARNING:Xst:1896 - Due to other FF/Latch trimming, FF/Latch <delay_6_5> has a constant value of 0 in block <module_filtro_fir_inst>. This FF/Latch will be trimmed during the optimization process.
WARNING:Xst:1896 - Due to other FF/Latch trimming, FF/Latch <delay_6_4> has a constant value of 0 in block <module_filtro_fir_inst>. This FF/Latch will be trimmed during the optimization process.
WARNING:Xst:1896 - Due to other FF/Latch trimming, FF/Latch <delay_6_3> has a constant value of 0 in block <module_filtro_fir_inst>. This FF/Latch will be trimmed during the optimization process.
WARNING:Xst:1896 - Due to other FF/Latch trimming, FF/Latch <delay_6_2> has a constant value of 0 in block <module_filtro_fir_inst>. This FF/Latch will be trimmed during the optimization process.
WARNING:Xst:1896 - Due to other FF/Latch trimming, FF/Latch <delay_6_1> has a constant value of 0 in block <module_filtro_fir_inst>. This FF/Latch will be trimmed during the optimization process.
WARNING:Xst:1896 - Due to other FF/Latch trimming, FF/Latch <delay_6_0> has a constant value of 0 in block <module_filtro_fir_inst>. This FF/Latch will be trimmed during the optimization process.
WARNING:Xst:1896 - Due to other FF/Latch trimming, FF/Latch <delay_7_9> has a constant value of 0 in block <module_filtro_fir_inst>. This FF/Latch will be trimmed during the optimization process.
WARNING:Xst:1896 - Due to other FF/Latch trimming, FF/Latch <delay_7_8> has a constant value of 0 in block <module_filtro_fir_inst>. This FF/Latch will be trimmed during the optimization process.
WARNING:Xst:1896 - Due to other FF/Latch trimming, FF/Latch <delay_7_7> has a constant value of 0 in block <module_filtro_fir_inst>. This FF/Latch will be trimmed during the optimization process.
WARNING:Xst:1896 - Due to other FF/Latch trimming, FF/Latch <delay_7_6> has a constant value of 0 in block <module_filtro_fir_inst>. This FF/Latch will be trimmed during the optimization process.
WARNING:Xst:1896 - Due to other FF/Latch trimming, FF/Latch <delay_7_5> has a constant value of 0 in block <module_filtro_fir_inst>. This FF/Latch will be trimmed during the optimization process.
WARNING:Xst:1896 - Due to other FF/Latch trimming, FF/Latch <delay_7_4> has a constant value of 0 in block <module_filtro_fir_inst>. This FF/Latch will be trimmed during the optimization process.
WARNING:Xst:1896 - Due to other FF/Latch trimming, FF/Latch <delay_7_3> has a constant value of 0 in block <module_filtro_fir_inst>. This FF/Latch will be trimmed during the optimization process.
WARNING:Xst:1896 - Due to other FF/Latch trimming, FF/Latch <delay_7_2> has a constant value of 0 in block <module_filtro_fir_inst>. This FF/Latch will be trimmed during the optimization process.
WARNING:Xst:1896 - Due to other FF/Latch trimming, FF/Latch <delay_7_1> has a constant value of 0 in block <module_filtro_fir_inst>. This FF/Latch will be trimmed during the optimization process.
WARNING:Xst:1896 - Due to other FF/Latch trimming, FF/Latch <delay_7_0> has a constant value of 0 in block <module_filtro_fir_inst>. This FF/Latch will be trimmed during the optimization process.
WARNING:Xst:1896 - Due to other FF/Latch trimming, FF/Latch <delay_8_9> has a constant value of 0 in block <module_filtro_fir_inst>. This FF/Latch will be trimmed during the optimization process.
WARNING:Xst:1896 - Due to other FF/Latch trimming, FF/Latch <delay_8_8> has a constant value of 0 in block <module_filtro_fir_inst>. This FF/Latch will be trimmed during the optimization process.
WARNING:Xst:1896 - Due to other FF/Latch trimming, FF/Latch <delay_8_7> has a constant value of 0 in block <module_filtro_fir_inst>. This FF/Latch will be trimmed during the optimization process.
WARNING:Xst:1896 - Due to other FF/Latch trimming, FF/Latch <delay_8_6> has a constant value of 0 in block <module_filtro_fir_inst>. This FF/Latch will be trimmed during the optimization process.
WARNING:Xst:1896 - Due to other FF/Latch trimming, FF/Latch <delay_8_5> has a constant value of 0 in block <module_filtro_fir_inst>. This FF/Latch will be trimmed during the optimization process.
WARNING:Xst:1896 - Due to other FF/Latch trimming, FF/Latch <delay_8_4> has a constant value of 0 in block <module_filtro_fir_inst>. This FF/Latch will be trimmed during the optimization process.
WARNING:Xst:1896 - Due to other FF/Latch trimming, FF/Latch <delay_8_3> has a constant value of 0 in block <module_filtro_fir_inst>. This FF/Latch will be trimmed during the optimization process.
WARNING:Xst:1896 - Due to other FF/Latch trimming, FF/Latch <delay_8_2> has a constant value of 0 in block <module_filtro_fir_inst>. This FF/Latch will be trimmed during the optimization process.
WARNING:Xst:1896 - Due to other FF/Latch trimming, FF/Latch <delay_8_1> has a constant value of 0 in block <module_filtro_fir_inst>. This FF/Latch will be trimmed during the optimization process.
WARNING:Xst:1896 - Due to other FF/Latch trimming, FF/Latch <delay_8_0> has a constant value of 0 in block <module_filtro_fir_inst>. This FF/Latch will be trimmed during the optimization process.
WARNING:Xst:1896 - Due to other FF/Latch trimming, FF/Latch <delay_9_9> has a constant value of 0 in block <module_filtro_fir_inst>. This FF/Latch will be trimmed during the optimization process.
WARNING:Xst:1896 - Due to other FF/Latch trimming, FF/Latch <delay_9_8> has a constant value of 0 in block <module_filtro_fir_inst>. This FF/Latch will be trimmed during the optimization process.
WARNING:Xst:1896 - Due to other FF/Latch trimming, FF/Latch <delay_9_7> has a constant value of 0 in block <module_filtro_fir_inst>. This FF/Latch will be trimmed during the optimization process.
WARNING:Xst:1896 - Due to other FF/Latch trimming, FF/Latch <delay_9_6> has a constant value of 0 in block <module_filtro_fir_inst>. This FF/Latch will be trimmed during the optimization process.
WARNING:Xst:1896 - Due to other FF/Latch trimming, FF/Latch <delay_9_5> has a constant value of 0 in block <module_filtro_fir_inst>. This FF/Latch will be trimmed during the optimization process.
WARNING:Xst:1896 - Due to other FF/Latch trimming, FF/Latch <delay_9_4> has a constant value of 0 in block <module_filtro_fir_inst>. This FF/Latch will be trimmed during the optimization process.
WARNING:Xst:1896 - Due to other FF/Latch trimming, FF/Latch <delay_9_3> has a constant value of 0 in block <module_filtro_fir_inst>. This FF/Latch will be trimmed during the optimization process.
WARNING:Xst:1896 - Due to other FF/Latch trimming, FF/Latch <delay_9_2> has a constant value of 0 in block <module_filtro_fir_inst>. This FF/Latch will be trimmed during the optimization process.
WARNING:Xst:1896 - Due to other FF/Latch trimming, FF/Latch <delay_9_1> has a constant value of 0 in block <module_filtro_fir_inst>. This FF/Latch will be trimmed during the optimization process.
WARNING:Xst:1896 - Due to other FF/Latch trimming, FF/Latch <delay_9_0> has a constant value of 0 in block <module_filtro_fir_inst>. This FF/Latch will be trimmed during the optimization process.
WARNING:Xst:1896 - Due to other FF/Latch trimming, FF/Latch <delay_10_9> has a constant value of 0 in block <module_filtro_fir_inst>. This FF/Latch will be trimmed during the optimization process.
WARNING:Xst:1896 - Due to other FF/Latch trimming, FF/Latch <delay_10_8> has a constant value of 0 in block <module_filtro_fir_inst>. This FF/Latch will be trimmed during the optimization process.
WARNING:Xst:1896 - Due to other FF/Latch trimming, FF/Latch <delay_10_7> has a constant value of 0 in block <module_filtro_fir_inst>. This FF/Latch will be trimmed during the optimization process.
WARNING:Xst:1896 - Due to other FF/Latch trimming, FF/Latch <delay_10_6> has a constant value of 0 in block <module_filtro_fir_inst>. This FF/Latch will be trimmed during the optimization process.
WARNING:Xst:1896 - Due to other FF/Latch trimming, FF/Latch <delay_10_5> has a constant value of 0 in block <module_filtro_fir_inst>. This FF/Latch will be trimmed during the optimization process.
WARNING:Xst:1896 - Due to other FF/Latch trimming, FF/Latch <delay_10_4> has a constant value of 0 in block <module_filtro_fir_inst>. This FF/Latch will be trimmed during the optimization process.
WARNING:Xst:1896 - Due to other FF/Latch trimming, FF/Latch <delay_10_3> has a constant value of 0 in block <module_filtro_fir_inst>. This FF/Latch will be trimmed during the optimization process.
WARNING:Xst:1896 - Due to other FF/Latch trimming, FF/Latch <delay_10_2> has a constant value of 0 in block <module_filtro_fir_inst>. This FF/Latch will be trimmed during the optimization process.
WARNING:Xst:1896 - Due to other FF/Latch trimming, FF/Latch <delay_10_1> has a constant value of 0 in block <module_filtro_fir_inst>. This FF/Latch will be trimmed during the optimization process.
WARNING:Xst:1896 - Due to other FF/Latch trimming, FF/Latch <delay_10_0> has a constant value of 0 in block <module_filtro_fir_inst>. This FF/Latch will be trimmed during the optimization process.
WARNING:Xst:1896 - Due to other FF/Latch trimming, FF/Latch <delay_11_9> has a constant value of 0 in block <module_filtro_fir_inst>. This FF/Latch will be trimmed during the optimization process.
WARNING:Xst:1896 - Due to other FF/Latch trimming, FF/Latch <delay_11_8> has a constant value of 0 in block <module_filtro_fir_inst>. This FF/Latch will be trimmed during the optimization process.
WARNING:Xst:1896 - Due to other FF/Latch trimming, FF/Latch <delay_11_7> has a constant value of 0 in block <module_filtro_fir_inst>. This FF/Latch will be trimmed during the optimization process.
WARNING:Xst:1896 - Due to other FF/Latch trimming, FF/Latch <delay_11_6> has a constant value of 0 in block <module_filtro_fir_inst>. This FF/Latch will be trimmed during the optimization process.
WARNING:Xst:1896 - Due to other FF/Latch trimming, FF/Latch <delay_11_5> has a constant value of 0 in block <module_filtro_fir_inst>. This FF/Latch will be trimmed during the optimization process.
WARNING:Xst:1896 - Due to other FF/Latch trimming, FF/Latch <delay_11_4> has a constant value of 0 in block <module_filtro_fir_inst>. This FF/Latch will be trimmed during the optimization process.
WARNING:Xst:1896 - Due to other FF/Latch trimming, FF/Latch <delay_11_3> has a constant value of 0 in block <module_filtro_fir_inst>. This FF/Latch will be trimmed during the optimization process.
WARNING:Xst:1896 - Due to other FF/Latch trimming, FF/Latch <delay_11_2> has a constant value of 0 in block <module_filtro_fir_inst>. This FF/Latch will be trimmed during the optimization process.
WARNING:Xst:1896 - Due to other FF/Latch trimming, FF/Latch <delay_11_1> has a constant value of 0 in block <module_filtro_fir_inst>. This FF/Latch will be trimmed during the optimization process.
WARNING:Xst:1896 - Due to other FF/Latch trimming, FF/Latch <delay_11_0> has a constant value of 0 in block <module_filtro_fir_inst>. This FF/Latch will be trimmed during the optimization process.
WARNING:Xst:1896 - Due to other FF/Latch trimming, FF/Latch <delay_12_9> has a constant value of 0 in block <module_filtro_fir_inst>. This FF/Latch will be trimmed during the optimization process.
WARNING:Xst:1896 - Due to other FF/Latch trimming, FF/Latch <delay_12_8> has a constant value of 0 in block <module_filtro_fir_inst>. This FF/Latch will be trimmed during the optimization process.
WARNING:Xst:1896 - Due to other FF/Latch trimming, FF/Latch <delay_12_7> has a constant value of 0 in block <module_filtro_fir_inst>. This FF/Latch will be trimmed during the optimization process.
WARNING:Xst:1896 - Due to other FF/Latch trimming, FF/Latch <delay_12_6> has a constant value of 0 in block <module_filtro_fir_inst>. This FF/Latch will be trimmed during the optimization process.
WARNING:Xst:1896 - Due to other FF/Latch trimming, FF/Latch <delay_12_5> has a constant value of 0 in block <module_filtro_fir_inst>. This FF/Latch will be trimmed during the optimization process.
WARNING:Xst:1896 - Due to other FF/Latch trimming, FF/Latch <delay_12_4> has a constant value of 0 in block <module_filtro_fir_inst>. This FF/Latch will be trimmed during the optimization process.
WARNING:Xst:1896 - Due to other FF/Latch trimming, FF/Latch <delay_12_3> has a constant value of 0 in block <module_filtro_fir_inst>. This FF/Latch will be trimmed during the optimization process.
WARNING:Xst:1896 - Due to other FF/Latch trimming, FF/Latch <delay_12_2> has a constant value of 0 in block <module_filtro_fir_inst>. This FF/Latch will be trimmed during the optimization process.
WARNING:Xst:1896 - Due to other FF/Latch trimming, FF/Latch <delay_12_1> has a constant value of 0 in block <module_filtro_fir_inst>. This FF/Latch will be trimmed during the optimization process.
WARNING:Xst:1896 - Due to other FF/Latch trimming, FF/Latch <delay_12_0> has a constant value of 0 in block <module_filtro_fir_inst>. This FF/Latch will be trimmed during the optimization process.
WARNING:Xst:1896 - Due to other FF/Latch trimming, FF/Latch <delay_13_9> has a constant value of 0 in block <module_filtro_fir_inst>. This FF/Latch will be trimmed during the optimization process.
WARNING:Xst:1896 - Due to other FF/Latch trimming, FF/Latch <delay_13_8> has a constant value of 0 in block <module_filtro_fir_inst>. This FF/Latch will be trimmed during the optimization process.
WARNING:Xst:1896 - Due to other FF/Latch trimming, FF/Latch <delay_13_7> has a constant value of 0 in block <module_filtro_fir_inst>. This FF/Latch will be trimmed during the optimization process.
WARNING:Xst:1896 - Due to other FF/Latch trimming, FF/Latch <delay_13_6> has a constant value of 0 in block <module_filtro_fir_inst>. This FF/Latch will be trimmed during the optimization process.
WARNING:Xst:1896 - Due to other FF/Latch trimming, FF/Latch <delay_13_5> has a constant value of 0 in block <module_filtro_fir_inst>. This FF/Latch will be trimmed during the optimization process.
WARNING:Xst:1896 - Due to other FF/Latch trimming, FF/Latch <delay_13_4> has a constant value of 0 in block <module_filtro_fir_inst>. This FF/Latch will be trimmed during the optimization process.
WARNING:Xst:1896 - Due to other FF/Latch trimming, FF/Latch <delay_13_3> has a constant value of 0 in block <module_filtro_fir_inst>. This FF/Latch will be trimmed during the optimization process.
WARNING:Xst:1896 - Due to other FF/Latch trimming, FF/Latch <delay_13_2> has a constant value of 0 in block <module_filtro_fir_inst>. This FF/Latch will be trimmed during the optimization process.
WARNING:Xst:1896 - Due to other FF/Latch trimming, FF/Latch <delay_13_1> has a constant value of 0 in block <module_filtro_fir_inst>. This FF/Latch will be trimmed during the optimization process.
WARNING:Xst:1896 - Due to other FF/Latch trimming, FF/Latch <delay_13_0> has a constant value of 0 in block <module_filtro_fir_inst>. This FF/Latch will be trimmed during the optimization process.
WARNING:Xst:1896 - Due to other FF/Latch trimming, FF/Latch <delay_14_9> has a constant value of 0 in block <module_filtro_fir_inst>. This FF/Latch will be trimmed during the optimization process.
WARNING:Xst:1896 - Due to other FF/Latch trimming, FF/Latch <delay_14_8> has a constant value of 0 in block <module_filtro_fir_inst>. This FF/Latch will be trimmed during the optimization process.
WARNING:Xst:1896 - Due to other FF/Latch trimming, FF/Latch <delay_14_7> has a constant value of 0 in block <module_filtro_fir_inst>. This FF/Latch will be trimmed during the optimization process.
WARNING:Xst:1896 - Due to other FF/Latch trimming, FF/Latch <delay_14_6> has a constant value of 0 in block <module_filtro_fir_inst>. This FF/Latch will be trimmed during the optimization process.
WARNING:Xst:1896 - Due to other FF/Latch trimming, FF/Latch <delay_14_5> has a constant value of 0 in block <module_filtro_fir_inst>. This FF/Latch will be trimmed during the optimization process.
WARNING:Xst:1896 - Due to other FF/Latch trimming, FF/Latch <delay_14_4> has a constant value of 0 in block <module_filtro_fir_inst>. This FF/Latch will be trimmed during the optimization process.
WARNING:Xst:1896 - Due to other FF/Latch trimming, FF/Latch <delay_14_3> has a constant value of 0 in block <module_filtro_fir_inst>. This FF/Latch will be trimmed during the optimization process.
WARNING:Xst:1896 - Due to other FF/Latch trimming, FF/Latch <delay_14_2> has a constant value of 0 in block <module_filtro_fir_inst>. This FF/Latch will be trimmed during the optimization process.
WARNING:Xst:1896 - Due to other FF/Latch trimming, FF/Latch <delay_14_1> has a constant value of 0 in block <module_filtro_fir_inst>. This FF/Latch will be trimmed during the optimization process.
WARNING:Xst:1896 - Due to other FF/Latch trimming, FF/Latch <delay_14_0> has a constant value of 0 in block <module_filtro_fir_inst>. This FF/Latch will be trimmed during the optimization process.
WARNING:Xst:1896 - Due to other FF/Latch trimming, FF/Latch <delay_15_9> has a constant value of 0 in block <module_filtro_fir_inst>. This FF/Latch will be trimmed during the optimization process.
WARNING:Xst:1896 - Due to other FF/Latch trimming, FF/Latch <delay_15_8> has a constant value of 0 in block <module_filtro_fir_inst>. This FF/Latch will be trimmed during the optimization process.
WARNING:Xst:1896 - Due to other FF/Latch trimming, FF/Latch <delay_15_7> has a constant value of 0 in block <module_filtro_fir_inst>. This FF/Latch will be trimmed during the optimization process.
WARNING:Xst:1896 - Due to other FF/Latch trimming, FF/Latch <delay_15_6> has a constant value of 0 in block <module_filtro_fir_inst>. This FF/Latch will be trimmed during the optimization process.
WARNING:Xst:1896 - Due to other FF/Latch trimming, FF/Latch <delay_15_5> has a constant value of 0 in block <module_filtro_fir_inst>. This FF/Latch will be trimmed during the optimization process.
WARNING:Xst:1896 - Due to other FF/Latch trimming, FF/Latch <delay_15_4> has a constant value of 0 in block <module_filtro_fir_inst>. This FF/Latch will be trimmed during the optimization process.
WARNING:Xst:1896 - Due to other FF/Latch trimming, FF/Latch <delay_15_3> has a constant value of 0 in block <module_filtro_fir_inst>. This FF/Latch will be trimmed during the optimization process.
WARNING:Xst:1896 - Due to other FF/Latch trimming, FF/Latch <delay_15_2> has a constant value of 0 in block <module_filtro_fir_inst>. This FF/Latch will be trimmed during the optimization process.
WARNING:Xst:1896 - Due to other FF/Latch trimming, FF/Latch <delay_15_1> has a constant value of 0 in block <module_filtro_fir_inst>. This FF/Latch will be trimmed during the optimization process.
WARNING:Xst:1896 - Due to other FF/Latch trimming, FF/Latch <delay_15_0> has a constant value of 0 in block <module_filtro_fir_inst>. This FF/Latch will be trimmed during the optimization process.
WARNING:Xst:1896 - Due to other FF/Latch trimming, FF/Latch <delay_16_9> has a constant value of 0 in block <module_filtro_fir_inst>. This FF/Latch will be trimmed during the optimization process.
WARNING:Xst:1896 - Due to other FF/Latch trimming, FF/Latch <delay_16_8> has a constant value of 0 in block <module_filtro_fir_inst>. This FF/Latch will be trimmed during the optimization process.
WARNING:Xst:1896 - Due to other FF/Latch trimming, FF/Latch <delay_16_7> has a constant value of 0 in block <module_filtro_fir_inst>. This FF/Latch will be trimmed during the optimization process.
WARNING:Xst:1896 - Due to other FF/Latch trimming, FF/Latch <delay_16_6> has a constant value of 0 in block <module_filtro_fir_inst>. This FF/Latch will be trimmed during the optimization process.
WARNING:Xst:1896 - Due to other FF/Latch trimming, FF/Latch <delay_16_5> has a constant value of 0 in block <module_filtro_fir_inst>. This FF/Latch will be trimmed during the optimization process.
WARNING:Xst:1896 - Due to other FF/Latch trimming, FF/Latch <delay_16_4> has a constant value of 0 in block <module_filtro_fir_inst>. This FF/Latch will be trimmed during the optimization process.
WARNING:Xst:1896 - Due to other FF/Latch trimming, FF/Latch <delay_16_3> has a constant value of 0 in block <module_filtro_fir_inst>. This FF/Latch will be trimmed during the optimization process.
WARNING:Xst:1896 - Due to other FF/Latch trimming, FF/Latch <delay_16_2> has a constant value of 0 in block <module_filtro_fir_inst>. This FF/Latch will be trimmed during the optimization process.
WARNING:Xst:1896 - Due to other FF/Latch trimming, FF/Latch <delay_16_1> has a constant value of 0 in block <module_filtro_fir_inst>. This FF/Latch will be trimmed during the optimization process.
WARNING:Xst:1896 - Due to other FF/Latch trimming, FF/Latch <delay_16_0> has a constant value of 0 in block <module_filtro_fir_inst>. This FF/Latch will be trimmed during the optimization process.
WARNING:Xst:1896 - Due to other FF/Latch trimming, FF/Latch <delay_17_9> has a constant value of 0 in block <module_filtro_fir_inst>. This FF/Latch will be trimmed during the optimization process.
WARNING:Xst:1896 - Due to other FF/Latch trimming, FF/Latch <delay_17_8> has a constant value of 0 in block <module_filtro_fir_inst>. This FF/Latch will be trimmed during the optimization process.
WARNING:Xst:1896 - Due to other FF/Latch trimming, FF/Latch <delay_17_7> has a constant value of 0 in block <module_filtro_fir_inst>. This FF/Latch will be trimmed during the optimization process.
WARNING:Xst:1896 - Due to other FF/Latch trimming, FF/Latch <delay_17_6> has a constant value of 0 in block <module_filtro_fir_inst>. This FF/Latch will be trimmed during the optimization process.
WARNING:Xst:1896 - Due to other FF/Latch trimming, FF/Latch <delay_17_5> has a constant value of 0 in block <module_filtro_fir_inst>. This FF/Latch will be trimmed during the optimization process.
WARNING:Xst:1896 - Due to other FF/Latch trimming, FF/Latch <delay_17_4> has a constant value of 0 in block <module_filtro_fir_inst>. This FF/Latch will be trimmed during the optimization process.
WARNING:Xst:1896 - Due to other FF/Latch trimming, FF/Latch <delay_17_3> has a constant value of 0 in block <module_filtro_fir_inst>. This FF/Latch will be trimmed during the optimization process.
WARNING:Xst:1896 - Due to other FF/Latch trimming, FF/Latch <delay_17_2> has a constant value of 0 in block <module_filtro_fir_inst>. This FF/Latch will be trimmed during the optimization process.
WARNING:Xst:1896 - Due to other FF/Latch trimming, FF/Latch <delay_17_1> has a constant value of 0 in block <module_filtro_fir_inst>. This FF/Latch will be trimmed during the optimization process.
WARNING:Xst:1896 - Due to other FF/Latch trimming, FF/Latch <delay_17_0> has a constant value of 0 in block <module_filtro_fir_inst>. This FF/Latch will be trimmed during the optimization process.
WARNING:Xst:1896 - Due to other FF/Latch trimming, FF/Latch <delay_18_9> has a constant value of 0 in block <module_filtro_fir_inst>. This FF/Latch will be trimmed during the optimization process.
WARNING:Xst:1896 - Due to other FF/Latch trimming, FF/Latch <delay_18_8> has a constant value of 0 in block <module_filtro_fir_inst>. This FF/Latch will be trimmed during the optimization process.
WARNING:Xst:1896 - Due to other FF/Latch trimming, FF/Latch <delay_18_7> has a constant value of 0 in block <module_filtro_fir_inst>. This FF/Latch will be trimmed during the optimization process.
WARNING:Xst:1896 - Due to other FF/Latch trimming, FF/Latch <delay_18_6> has a constant value of 0 in block <module_filtro_fir_inst>. This FF/Latch will be trimmed during the optimization process.
WARNING:Xst:1896 - Due to other FF/Latch trimming, FF/Latch <delay_18_5> has a constant value of 0 in block <module_filtro_fir_inst>. This FF/Latch will be trimmed during the optimization process.
WARNING:Xst:1896 - Due to other FF/Latch trimming, FF/Latch <delay_18_4> has a constant value of 0 in block <module_filtro_fir_inst>. This FF/Latch will be trimmed during the optimization process.
WARNING:Xst:1896 - Due to other FF/Latch trimming, FF/Latch <delay_18_3> has a constant value of 0 in block <module_filtro_fir_inst>. This FF/Latch will be trimmed during the optimization process.
WARNING:Xst:1896 - Due to other FF/Latch trimming, FF/Latch <delay_18_2> has a constant value of 0 in block <module_filtro_fir_inst>. This FF/Latch will be trimmed during the optimization process.
WARNING:Xst:1896 - Due to other FF/Latch trimming, FF/Latch <delay_18_1> has a constant value of 0 in block <module_filtro_fir_inst>. This FF/Latch will be trimmed during the optimization process.
WARNING:Xst:1896 - Due to other FF/Latch trimming, FF/Latch <delay_18_0> has a constant value of 0 in block <module_filtro_fir_inst>. This FF/Latch will be trimmed during the optimization process.
WARNING:Xst:1896 - Due to other FF/Latch trimming, FF/Latch <delay_19_9> has a constant value of 0 in block <module_filtro_fir_inst>. This FF/Latch will be trimmed during the optimization process.
WARNING:Xst:1896 - Due to other FF/Latch trimming, FF/Latch <delay_19_8> has a constant value of 0 in block <module_filtro_fir_inst>. This FF/Latch will be trimmed during the optimization process.
WARNING:Xst:1896 - Due to other FF/Latch trimming, FF/Latch <delay_19_7> has a constant value of 0 in block <module_filtro_fir_inst>. This FF/Latch will be trimmed during the optimization process.
WARNING:Xst:1896 - Due to other FF/Latch trimming, FF/Latch <delay_19_6> has a constant value of 0 in block <module_filtro_fir_inst>. This FF/Latch will be trimmed during the optimization process.
WARNING:Xst:1896 - Due to other FF/Latch trimming, FF/Latch <delay_19_5> has a constant value of 0 in block <module_filtro_fir_inst>. This FF/Latch will be trimmed during the optimization process.
WARNING:Xst:1896 - Due to other FF/Latch trimming, FF/Latch <delay_19_4> has a constant value of 0 in block <module_filtro_fir_inst>. This FF/Latch will be trimmed during the optimization process.
WARNING:Xst:1896 - Due to other FF/Latch trimming, FF/Latch <delay_19_3> has a constant value of 0 in block <module_filtro_fir_inst>. This FF/Latch will be trimmed during the optimization process.
WARNING:Xst:1896 - Due to other FF/Latch trimming, FF/Latch <delay_19_2> has a constant value of 0 in block <module_filtro_fir_inst>. This FF/Latch will be trimmed during the optimization process.
WARNING:Xst:1896 - Due to other FF/Latch trimming, FF/Latch <delay_19_1> has a constant value of 0 in block <module_filtro_fir_inst>. This FF/Latch will be trimmed during the optimization process.
WARNING:Xst:1896 - Due to other FF/Latch trimming, FF/Latch <delay_19_0> has a constant value of 0 in block <module_filtro_fir_inst>. This FF/Latch will be trimmed during the optimization process.
WARNING:Xst:1896 - Due to other FF/Latch trimming, FF/Latch <delay_20_9> has a constant value of 0 in block <module_filtro_fir_inst>. This FF/Latch will be trimmed during the optimization process.
WARNING:Xst:1896 - Due to other FF/Latch trimming, FF/Latch <delay_20_8> has a constant value of 0 in block <module_filtro_fir_inst>. This FF/Latch will be trimmed during the optimization process.
WARNING:Xst:1896 - Due to other FF/Latch trimming, FF/Latch <delay_20_7> has a constant value of 0 in block <module_filtro_fir_inst>. This FF/Latch will be trimmed during the optimization process.
WARNING:Xst:1896 - Due to other FF/Latch trimming, FF/Latch <delay_20_6> has a constant value of 0 in block <module_filtro_fir_inst>. This FF/Latch will be trimmed during the optimization process.
WARNING:Xst:1896 - Due to other FF/Latch trimming, FF/Latch <delay_20_5> has a constant value of 0 in block <module_filtro_fir_inst>. This FF/Latch will be trimmed during the optimization process.
WARNING:Xst:1896 - Due to other FF/Latch trimming, FF/Latch <delay_20_4> has a constant value of 0 in block <module_filtro_fir_inst>. This FF/Latch will be trimmed during the optimization process.
WARNING:Xst:1896 - Due to other FF/Latch trimming, FF/Latch <delay_20_3> has a constant value of 0 in block <module_filtro_fir_inst>. This FF/Latch will be trimmed during the optimization process.
WARNING:Xst:1896 - Due to other FF/Latch trimming, FF/Latch <delay_20_2> has a constant value of 0 in block <module_filtro_fir_inst>. This FF/Latch will be trimmed during the optimization process.
WARNING:Xst:1896 - Due to other FF/Latch trimming, FF/Latch <delay_20_1> has a constant value of 0 in block <module_filtro_fir_inst>. This FF/Latch will be trimmed during the optimization process.
WARNING:Xst:1896 - Due to other FF/Latch trimming, FF/Latch <delay_20_0> has a constant value of 0 in block <module_filtro_fir_inst>. This FF/Latch will be trimmed during the optimization process.
WARNING:Xst:1896 - Due to other FF/Latch trimming, FF/Latch <delay_21_9> has a constant value of 0 in block <module_filtro_fir_inst>. This FF/Latch will be trimmed during the optimization process.
WARNING:Xst:1896 - Due to other FF/Latch trimming, FF/Latch <delay_21_8> has a constant value of 0 in block <module_filtro_fir_inst>. This FF/Latch will be trimmed during the optimization process.
WARNING:Xst:1896 - Due to other FF/Latch trimming, FF/Latch <delay_21_7> has a constant value of 0 in block <module_filtro_fir_inst>. This FF/Latch will be trimmed during the optimization process.
WARNING:Xst:1896 - Due to other FF/Latch trimming, FF/Latch <delay_21_6> has a constant value of 0 in block <module_filtro_fir_inst>. This FF/Latch will be trimmed during the optimization process.
WARNING:Xst:1896 - Due to other FF/Latch trimming, FF/Latch <delay_21_5> has a constant value of 0 in block <module_filtro_fir_inst>. This FF/Latch will be trimmed during the optimization process.
WARNING:Xst:1896 - Due to other FF/Latch trimming, FF/Latch <delay_21_4> has a constant value of 0 in block <module_filtro_fir_inst>. This FF/Latch will be trimmed during the optimization process.
WARNING:Xst:1896 - Due to other FF/Latch trimming, FF/Latch <delay_21_3> has a constant value of 0 in block <module_filtro_fir_inst>. This FF/Latch will be trimmed during the optimization process.
WARNING:Xst:1896 - Due to other FF/Latch trimming, FF/Latch <delay_21_2> has a constant value of 0 in block <module_filtro_fir_inst>. This FF/Latch will be trimmed during the optimization process.
WARNING:Xst:1896 - Due to other FF/Latch trimming, FF/Latch <delay_21_1> has a constant value of 0 in block <module_filtro_fir_inst>. This FF/Latch will be trimmed during the optimization process.
WARNING:Xst:1896 - Due to other FF/Latch trimming, FF/Latch <delay_21_0> has a constant value of 0 in block <module_filtro_fir_inst>. This FF/Latch will be trimmed during the optimization process.
WARNING:Xst:1896 - Due to other FF/Latch trimming, FF/Latch <delay_22_9> has a constant value of 0 in block <module_filtro_fir_inst>. This FF/Latch will be trimmed during the optimization process.
WARNING:Xst:1896 - Due to other FF/Latch trimming, FF/Latch <delay_22_8> has a constant value of 0 in block <module_filtro_fir_inst>. This FF/Latch will be trimmed during the optimization process.
WARNING:Xst:1896 - Due to other FF/Latch trimming, FF/Latch <delay_22_7> has a constant value of 0 in block <module_filtro_fir_inst>. This FF/Latch will be trimmed during the optimization process.
WARNING:Xst:1896 - Due to other FF/Latch trimming, FF/Latch <delay_22_6> has a constant value of 0 in block <module_filtro_fir_inst>. This FF/Latch will be trimmed during the optimization process.
WARNING:Xst:1896 - Due to other FF/Latch trimming, FF/Latch <delay_22_5> has a constant value of 0 in block <module_filtro_fir_inst>. This FF/Latch will be trimmed during the optimization process.
WARNING:Xst:1896 - Due to other FF/Latch trimming, FF/Latch <delay_22_4> has a constant value of 0 in block <module_filtro_fir_inst>. This FF/Latch will be trimmed during the optimization process.
WARNING:Xst:1896 - Due to other FF/Latch trimming, FF/Latch <delay_22_3> has a constant value of 0 in block <module_filtro_fir_inst>. This FF/Latch will be trimmed during the optimization process.
WARNING:Xst:1896 - Due to other FF/Latch trimming, FF/Latch <delay_22_2> has a constant value of 0 in block <module_filtro_fir_inst>. This FF/Latch will be trimmed during the optimization process.
WARNING:Xst:1896 - Due to other FF/Latch trimming, FF/Latch <delay_22_1> has a constant value of 0 in block <module_filtro_fir_inst>. This FF/Latch will be trimmed during the optimization process.
WARNING:Xst:1896 - Due to other FF/Latch trimming, FF/Latch <delay_22_0> has a constant value of 0 in block <module_filtro_fir_inst>. This FF/Latch will be trimmed during the optimization process.
WARNING:Xst:1896 - Due to other FF/Latch trimming, FF/Latch <delay_23_9> has a constant value of 0 in block <module_filtro_fir_inst>. This FF/Latch will be trimmed during the optimization process.
WARNING:Xst:1896 - Due to other FF/Latch trimming, FF/Latch <delay_23_8> has a constant value of 0 in block <module_filtro_fir_inst>. This FF/Latch will be trimmed during the optimization process.
WARNING:Xst:1896 - Due to other FF/Latch trimming, FF/Latch <delay_23_7> has a constant value of 0 in block <module_filtro_fir_inst>. This FF/Latch will be trimmed during the optimization process.
WARNING:Xst:1896 - Due to other FF/Latch trimming, FF/Latch <delay_23_6> has a constant value of 0 in block <module_filtro_fir_inst>. This FF/Latch will be trimmed during the optimization process.
WARNING:Xst:1896 - Due to other FF/Latch trimming, FF/Latch <delay_23_5> has a constant value of 0 in block <module_filtro_fir_inst>. This FF/Latch will be trimmed during the optimization process.
WARNING:Xst:1896 - Due to other FF/Latch trimming, FF/Latch <delay_23_4> has a constant value of 0 in block <module_filtro_fir_inst>. This FF/Latch will be trimmed during the optimization process.
WARNING:Xst:1896 - Due to other FF/Latch trimming, FF/Latch <delay_23_3> has a constant value of 0 in block <module_filtro_fir_inst>. This FF/Latch will be trimmed during the optimization process.
WARNING:Xst:1896 - Due to other FF/Latch trimming, FF/Latch <delay_23_2> has a constant value of 0 in block <module_filtro_fir_inst>. This FF/Latch will be trimmed during the optimization process.
WARNING:Xst:1896 - Due to other FF/Latch trimming, FF/Latch <delay_23_1> has a constant value of 0 in block <module_filtro_fir_inst>. This FF/Latch will be trimmed during the optimization process.
WARNING:Xst:1896 - Due to other FF/Latch trimming, FF/Latch <delay_23_0> has a constant value of 0 in block <module_filtro_fir_inst>. This FF/Latch will be trimmed during the optimization process.
WARNING:Xst:1896 - Due to other FF/Latch trimming, FF/Latch <delay_24_9> has a constant value of 0 in block <module_filtro_fir_inst>. This FF/Latch will be trimmed during the optimization process.
WARNING:Xst:1896 - Due to other FF/Latch trimming, FF/Latch <delay_24_8> has a constant value of 0 in block <module_filtro_fir_inst>. This FF/Latch will be trimmed during the optimization process.
WARNING:Xst:1896 - Due to other FF/Latch trimming, FF/Latch <delay_24_7> has a constant value of 0 in block <module_filtro_fir_inst>. This FF/Latch will be trimmed during the optimization process.
WARNING:Xst:1896 - Due to other FF/Latch trimming, FF/Latch <delay_24_6> has a constant value of 0 in block <module_filtro_fir_inst>. This FF/Latch will be trimmed during the optimization process.
WARNING:Xst:1896 - Due to other FF/Latch trimming, FF/Latch <delay_24_5> has a constant value of 0 in block <module_filtro_fir_inst>. This FF/Latch will be trimmed during the optimization process.
WARNING:Xst:1896 - Due to other FF/Latch trimming, FF/Latch <delay_24_4> has a constant value of 0 in block <module_filtro_fir_inst>. This FF/Latch will be trimmed during the optimization process.
WARNING:Xst:1896 - Due to other FF/Latch trimming, FF/Latch <delay_24_3> has a constant value of 0 in block <module_filtro_fir_inst>. This FF/Latch will be trimmed during the optimization process.
WARNING:Xst:1896 - Due to other FF/Latch trimming, FF/Latch <delay_24_2> has a constant value of 0 in block <module_filtro_fir_inst>. This FF/Latch will be trimmed during the optimization process.
WARNING:Xst:1896 - Due to other FF/Latch trimming, FF/Latch <delay_24_1> has a constant value of 0 in block <module_filtro_fir_inst>. This FF/Latch will be trimmed during the optimization process.
WARNING:Xst:1896 - Due to other FF/Latch trimming, FF/Latch <delay_24_0> has a constant value of 0 in block <module_filtro_fir_inst>. This FF/Latch will be trimmed during the optimization process.
WARNING:Xst:1896 - Due to other FF/Latch trimming, FF/Latch <delay_25_9> has a constant value of 0 in block <module_filtro_fir_inst>. This FF/Latch will be trimmed during the optimization process.
WARNING:Xst:1896 - Due to other FF/Latch trimming, FF/Latch <delay_25_8> has a constant value of 0 in block <module_filtro_fir_inst>. This FF/Latch will be trimmed during the optimization process.
WARNING:Xst:1896 - Due to other FF/Latch trimming, FF/Latch <delay_25_7> has a constant value of 0 in block <module_filtro_fir_inst>. This FF/Latch will be trimmed during the optimization process.
WARNING:Xst:1896 - Due to other FF/Latch trimming, FF/Latch <delay_25_6> has a constant value of 0 in block <module_filtro_fir_inst>. This FF/Latch will be trimmed during the optimization process.
WARNING:Xst:1896 - Due to other FF/Latch trimming, FF/Latch <delay_25_5> has a constant value of 0 in block <module_filtro_fir_inst>. This FF/Latch will be trimmed during the optimization process.
WARNING:Xst:1896 - Due to other FF/Latch trimming, FF/Latch <delay_25_4> has a constant value of 0 in block <module_filtro_fir_inst>. This FF/Latch will be trimmed during the optimization process.
WARNING:Xst:1896 - Due to other FF/Latch trimming, FF/Latch <delay_25_3> has a constant value of 0 in block <module_filtro_fir_inst>. This FF/Latch will be trimmed during the optimization process.
WARNING:Xst:1896 - Due to other FF/Latch trimming, FF/Latch <delay_25_2> has a constant value of 0 in block <module_filtro_fir_inst>. This FF/Latch will be trimmed during the optimization process.
WARNING:Xst:1896 - Due to other FF/Latch trimming, FF/Latch <delay_25_1> has a constant value of 0 in block <module_filtro_fir_inst>. This FF/Latch will be trimmed during the optimization process.
WARNING:Xst:1896 - Due to other FF/Latch trimming, FF/Latch <delay_25_0> has a constant value of 0 in block <module_filtro_fir_inst>. This FF/Latch will be trimmed during the optimization process.
WARNING:Xst:1896 - Due to other FF/Latch trimming, FF/Latch <delay_26_9> has a constant value of 0 in block <module_filtro_fir_inst>. This FF/Latch will be trimmed during the optimization process.
WARNING:Xst:1896 - Due to other FF/Latch trimming, FF/Latch <delay_26_8> has a constant value of 0 in block <module_filtro_fir_inst>. This FF/Latch will be trimmed during the optimization process.
WARNING:Xst:1896 - Due to other FF/Latch trimming, FF/Latch <delay_26_7> has a constant value of 0 in block <module_filtro_fir_inst>. This FF/Latch will be trimmed during the optimization process.
WARNING:Xst:1896 - Due to other FF/Latch trimming, FF/Latch <delay_26_6> has a constant value of 0 in block <module_filtro_fir_inst>. This FF/Latch will be trimmed during the optimization process.
WARNING:Xst:1896 - Due to other FF/Latch trimming, FF/Latch <delay_26_5> has a constant value of 0 in block <module_filtro_fir_inst>. This FF/Latch will be trimmed during the optimization process.
WARNING:Xst:1896 - Due to other FF/Latch trimming, FF/Latch <delay_26_4> has a constant value of 0 in block <module_filtro_fir_inst>. This FF/Latch will be trimmed during the optimization process.
WARNING:Xst:1896 - Due to other FF/Latch trimming, FF/Latch <delay_26_3> has a constant value of 0 in block <module_filtro_fir_inst>. This FF/Latch will be trimmed during the optimization process.
WARNING:Xst:1896 - Due to other FF/Latch trimming, FF/Latch <delay_26_2> has a constant value of 0 in block <module_filtro_fir_inst>. This FF/Latch will be trimmed during the optimization process.
WARNING:Xst:1896 - Due to other FF/Latch trimming, FF/Latch <delay_26_1> has a constant value of 0 in block <module_filtro_fir_inst>. This FF/Latch will be trimmed during the optimization process.
WARNING:Xst:1896 - Due to other FF/Latch trimming, FF/Latch <delay_26_0> has a constant value of 0 in block <module_filtro_fir_inst>. This FF/Latch will be trimmed during the optimization process.
WARNING:Xst:1896 - Due to other FF/Latch trimming, FF/Latch <delay_27_9> has a constant value of 0 in block <module_filtro_fir_inst>. This FF/Latch will be trimmed during the optimization process.
WARNING:Xst:1896 - Due to other FF/Latch trimming, FF/Latch <delay_27_8> has a constant value of 0 in block <module_filtro_fir_inst>. This FF/Latch will be trimmed during the optimization process.
WARNING:Xst:1896 - Due to other FF/Latch trimming, FF/Latch <delay_27_7> has a constant value of 0 in block <module_filtro_fir_inst>. This FF/Latch will be trimmed during the optimization process.
WARNING:Xst:1896 - Due to other FF/Latch trimming, FF/Latch <delay_27_6> has a constant value of 0 in block <module_filtro_fir_inst>. This FF/Latch will be trimmed during the optimization process.
WARNING:Xst:1896 - Due to other FF/Latch trimming, FF/Latch <delay_27_5> has a constant value of 0 in block <module_filtro_fir_inst>. This FF/Latch will be trimmed during the optimization process.
WARNING:Xst:1896 - Due to other FF/Latch trimming, FF/Latch <delay_27_4> has a constant value of 0 in block <module_filtro_fir_inst>. This FF/Latch will be trimmed during the optimization process.
WARNING:Xst:1896 - Due to other FF/Latch trimming, FF/Latch <delay_27_3> has a constant value of 0 in block <module_filtro_fir_inst>. This FF/Latch will be trimmed during the optimization process.
WARNING:Xst:1896 - Due to other FF/Latch trimming, FF/Latch <delay_27_2> has a constant value of 0 in block <module_filtro_fir_inst>. This FF/Latch will be trimmed during the optimization process.
WARNING:Xst:1896 - Due to other FF/Latch trimming, FF/Latch <delay_27_1> has a constant value of 0 in block <module_filtro_fir_inst>. This FF/Latch will be trimmed during the optimization process.
WARNING:Xst:1896 - Due to other FF/Latch trimming, FF/Latch <delay_27_0> has a constant value of 0 in block <module_filtro_fir_inst>. This FF/Latch will be trimmed during the optimization process.
WARNING:Xst:1896 - Due to other FF/Latch trimming, FF/Latch <delay_28_9> has a constant value of 0 in block <module_filtro_fir_inst>. This FF/Latch will be trimmed during the optimization process.
WARNING:Xst:1896 - Due to other FF/Latch trimming, FF/Latch <delay_28_8> has a constant value of 0 in block <module_filtro_fir_inst>. This FF/Latch will be trimmed during the optimization process.
WARNING:Xst:1896 - Due to other FF/Latch trimming, FF/Latch <delay_28_7> has a constant value of 0 in block <module_filtro_fir_inst>. This FF/Latch will be trimmed during the optimization process.
WARNING:Xst:1896 - Due to other FF/Latch trimming, FF/Latch <delay_28_6> has a constant value of 0 in block <module_filtro_fir_inst>. This FF/Latch will be trimmed during the optimization process.
WARNING:Xst:1896 - Due to other FF/Latch trimming, FF/Latch <delay_28_5> has a constant value of 0 in block <module_filtro_fir_inst>. This FF/Latch will be trimmed during the optimization process.
WARNING:Xst:1896 - Due to other FF/Latch trimming, FF/Latch <delay_28_4> has a constant value of 0 in block <module_filtro_fir_inst>. This FF/Latch will be trimmed during the optimization process.
WARNING:Xst:1896 - Due to other FF/Latch trimming, FF/Latch <delay_28_3> has a constant value of 0 in block <module_filtro_fir_inst>. This FF/Latch will be trimmed during the optimization process.
WARNING:Xst:1896 - Due to other FF/Latch trimming, FF/Latch <delay_28_2> has a constant value of 0 in block <module_filtro_fir_inst>. This FF/Latch will be trimmed during the optimization process.
WARNING:Xst:1896 - Due to other FF/Latch trimming, FF/Latch <delay_28_1> has a constant value of 0 in block <module_filtro_fir_inst>. This FF/Latch will be trimmed during the optimization process.
WARNING:Xst:1896 - Due to other FF/Latch trimming, FF/Latch <delay_28_0> has a constant value of 0 in block <module_filtro_fir_inst>. This FF/Latch will be trimmed during the optimization process.
WARNING:Xst:1896 - Due to other FF/Latch trimming, FF/Latch <delay_29_9> has a constant value of 0 in block <module_filtro_fir_inst>. This FF/Latch will be trimmed during the optimization process.
WARNING:Xst:1896 - Due to other FF/Latch trimming, FF/Latch <delay_29_8> has a constant value of 0 in block <module_filtro_fir_inst>. This FF/Latch will be trimmed during the optimization process.
WARNING:Xst:1896 - Due to other FF/Latch trimming, FF/Latch <delay_29_7> has a constant value of 0 in block <module_filtro_fir_inst>. This FF/Latch will be trimmed during the optimization process.
WARNING:Xst:1896 - Due to other FF/Latch trimming, FF/Latch <delay_29_6> has a constant value of 0 in block <module_filtro_fir_inst>. This FF/Latch will be trimmed during the optimization process.
WARNING:Xst:1896 - Due to other FF/Latch trimming, FF/Latch <delay_29_5> has a constant value of 0 in block <module_filtro_fir_inst>. This FF/Latch will be trimmed during the optimization process.
WARNING:Xst:1896 - Due to other FF/Latch trimming, FF/Latch <delay_29_4> has a constant value of 0 in block <module_filtro_fir_inst>. This FF/Latch will be trimmed during the optimization process.
WARNING:Xst:1896 - Due to other FF/Latch trimming, FF/Latch <delay_29_3> has a constant value of 0 in block <module_filtro_fir_inst>. This FF/Latch will be trimmed during the optimization process.
WARNING:Xst:1896 - Due to other FF/Latch trimming, FF/Latch <delay_29_2> has a constant value of 0 in block <module_filtro_fir_inst>. This FF/Latch will be trimmed during the optimization process.
WARNING:Xst:1896 - Due to other FF/Latch trimming, FF/Latch <delay_29_1> has a constant value of 0 in block <module_filtro_fir_inst>. This FF/Latch will be trimmed during the optimization process.
WARNING:Xst:1896 - Due to other FF/Latch trimming, FF/Latch <delay_29_0> has a constant value of 0 in block <module_filtro_fir_inst>. This FF/Latch will be trimmed during the optimization process.
WARNING:Xst:1896 - Due to other FF/Latch trimming, FF/Latch <delay_30_0> has a constant value of 0 in block <module_filtro_fir_inst>. This FF/Latch will be trimmed during the optimization process.
WARNING:Xst:1896 - Due to other FF/Latch trimming, FF/Latch <delay_30_1> has a constant value of 0 in block <module_filtro_fir_inst>. This FF/Latch will be trimmed during the optimization process.
WARNING:Xst:1896 - Due to other FF/Latch trimming, FF/Latch <delay_30_2> has a constant value of 0 in block <module_filtro_fir_inst>. This FF/Latch will be trimmed during the optimization process.
WARNING:Xst:1896 - Due to other FF/Latch trimming, FF/Latch <delay_30_3> has a constant value of 0 in block <module_filtro_fir_inst>. This FF/Latch will be trimmed during the optimization process.
WARNING:Xst:1896 - Due to other FF/Latch trimming, FF/Latch <delay_30_4> has a constant value of 0 in block <module_filtro_fir_inst>. This FF/Latch will be trimmed during the optimization process.
WARNING:Xst:1896 - Due to other FF/Latch trimming, FF/Latch <delay_30_5> has a constant value of 0 in block <module_filtro_fir_inst>. This FF/Latch will be trimmed during the optimization process.
WARNING:Xst:1896 - Due to other FF/Latch trimming, FF/Latch <delay_30_6> has a constant value of 0 in block <module_filtro_fir_inst>. This FF/Latch will be trimmed during the optimization process.
WARNING:Xst:1896 - Due to other FF/Latch trimming, FF/Latch <delay_30_7> has a constant value of 0 in block <module_filtro_fir_inst>. This FF/Latch will be trimmed during the optimization process.
WARNING:Xst:1896 - Due to other FF/Latch trimming, FF/Latch <delay_30_8> has a constant value of 0 in block <module_filtro_fir_inst>. This FF/Latch will be trimmed during the optimization process.
WARNING:Xst:1896 - Due to other FF/Latch trimming, FF/Latch <delay_30_9> has a constant value of 0 in block <module_filtro_fir_inst>. This FF/Latch will be trimmed during the optimization process.
WARNING:Xst:2677 - Node <data_0> of sequential type is unconnected in block <DAC>.

Synthesizing (advanced) Unit <DivFrec>.
The following registers are absorbed into counter <cuenta2>: 1 register on signal <cuenta2>.
Unit <DivFrec> synthesized (advanced).

Synthesizing (advanced) Unit <module_ADC_ctrl>.
The following registers are absorbed into counter <cuenta>: 1 register on signal <cuenta>.
Unit <module_ADC_ctrl> synthesized (advanced).

Synthesizing (advanced) Unit <module_DAC_ctrl>.
The following registers are absorbed into counter <cuenta>: 1 register on signal <cuenta>.
Unit <module_DAC_ctrl> synthesized (advanced).

Synthesizing (advanced) Unit <module_filtro_fir>.
	The following adders/subtractors are grouped into adder tree <iter_modulo_sum[13].modulo_sum_inst/Madd_result_Madd1> :
 	<modulo_sum_inst/Madd_result_Madd> in block <module_filtro_fir>, 	<iter_modulo_sum[0].modulo_sum_inst/Madd_result_Madd> in block <module_filtro_fir>, 	<iter_modulo_sum[1].modulo_sum_inst/Madd_result_Madd> in block <module_filtro_fir>, 	<iter_modulo_sum[2].modulo_sum_inst/Madd_result_Madd> in block <module_filtro_fir>, 	<iter_modulo_sum[3].modulo_sum_inst/Madd_result_Madd> in block <module_filtro_fir>, 	<iter_modulo_sum[4].modulo_sum_inst/Madd_result_Madd> in block <module_filtro_fir>, 	<iter_modulo_sum[5].modulo_sum_inst/Madd_result_Madd> in block <module_filtro_fir>, 	<iter_modulo_sum[6].modulo_sum_inst/Madd_result_Madd> in block <module_filtro_fir>, 	<iter_modulo_sum[7].modulo_sum_inst/Madd_result_Madd> in block <module_filtro_fir>, 	<iter_modulo_sum[8].modulo_sum_inst/Madd_result_Madd> in block <module_filtro_fir>, 	<iter_modulo_sum[9].modulo_sum_inst/Madd_result_Madd> in block <module_filtro_fir>, 	<iter_modulo_sum[10].modulo_sum_inst/Madd_result_Madd> in block <module_filtro_fir>,
	<iter_modulo_sum[11].modulo_sum_inst/Madd_result_Madd> in block <module_filtro_fir>, 	<iter_modulo_sum[12].modulo_sum_inst/Madd_result_Madd> in block <module_filtro_fir>, 	<iter_modulo_sum[13].modulo_sum_inst/Madd_result_Madd> in block <module_filtro_fir>.
Unit <module_filtro_fir> synthesized (advanced).
WARNING:Xst:2677 - Node <delay_0_28> of sequential type is unconnected in block <module_filtro_fir>.
WARNING:Xst:2677 - Node <delay_0_29> of sequential type is unconnected in block <module_filtro_fir>.
WARNING:Xst:2677 - Node <delay_0_30> of sequential type is unconnected in block <module_filtro_fir>.
WARNING:Xst:2677 - Node <delay_0_31> of sequential type is unconnected in block <module_filtro_fir>.
WARNING:Xst:2677 - Node <delay_1_28> of sequential type is unconnected in block <module_filtro_fir>.
WARNING:Xst:2677 - Node <delay_1_29> of sequential type is unconnected in block <module_filtro_fir>.
WARNING:Xst:2677 - Node <delay_1_30> of sequential type is unconnected in block <module_filtro_fir>.
WARNING:Xst:2677 - Node <delay_1_31> of sequential type is unconnected in block <module_filtro_fir>.
WARNING:Xst:2677 - Node <delay_2_28> of sequential type is unconnected in block <module_filtro_fir>.
WARNING:Xst:2677 - Node <delay_2_29> of sequential type is unconnected in block <module_filtro_fir>.
WARNING:Xst:2677 - Node <delay_2_30> of sequential type is unconnected in block <module_filtro_fir>.
WARNING:Xst:2677 - Node <delay_2_31> of sequential type is unconnected in block <module_filtro_fir>.
WARNING:Xst:2677 - Node <delay_3_28> of sequential type is unconnected in block <module_filtro_fir>.
WARNING:Xst:2677 - Node <delay_3_29> of sequential type is unconnected in block <module_filtro_fir>.
WARNING:Xst:2677 - Node <delay_3_30> of sequential type is unconnected in block <module_filtro_fir>.
WARNING:Xst:2677 - Node <delay_3_31> of sequential type is unconnected in block <module_filtro_fir>.
WARNING:Xst:2677 - Node <delay_4_28> of sequential type is unconnected in block <module_filtro_fir>.
WARNING:Xst:2677 - Node <delay_4_29> of sequential type is unconnected in block <module_filtro_fir>.
WARNING:Xst:2677 - Node <delay_4_30> of sequential type is unconnected in block <module_filtro_fir>.
WARNING:Xst:2677 - Node <delay_4_31> of sequential type is unconnected in block <module_filtro_fir>.
WARNING:Xst:2677 - Node <delay_5_28> of sequential type is unconnected in block <module_filtro_fir>.
WARNING:Xst:2677 - Node <delay_5_29> of sequential type is unconnected in block <module_filtro_fir>.
WARNING:Xst:2677 - Node <delay_5_30> of sequential type is unconnected in block <module_filtro_fir>.
WARNING:Xst:2677 - Node <delay_5_31> of sequential type is unconnected in block <module_filtro_fir>.
WARNING:Xst:2677 - Node <delay_6_28> of sequential type is unconnected in block <module_filtro_fir>.
WARNING:Xst:2677 - Node <delay_6_29> of sequential type is unconnected in block <module_filtro_fir>.
WARNING:Xst:2677 - Node <delay_6_30> of sequential type is unconnected in block <module_filtro_fir>.
WARNING:Xst:2677 - Node <delay_6_31> of sequential type is unconnected in block <module_filtro_fir>.
WARNING:Xst:2677 - Node <delay_7_28> of sequential type is unconnected in block <module_filtro_fir>.
WARNING:Xst:2677 - Node <delay_7_29> of sequential type is unconnected in block <module_filtro_fir>.
WARNING:Xst:2677 - Node <delay_7_30> of sequential type is unconnected in block <module_filtro_fir>.
WARNING:Xst:2677 - Node <delay_7_31> of sequential type is unconnected in block <module_filtro_fir>.
WARNING:Xst:2677 - Node <delay_8_28> of sequential type is unconnected in block <module_filtro_fir>.
WARNING:Xst:2677 - Node <delay_8_29> of sequential type is unconnected in block <module_filtro_fir>.
WARNING:Xst:2677 - Node <delay_8_30> of sequential type is unconnected in block <module_filtro_fir>.
WARNING:Xst:2677 - Node <delay_8_31> of sequential type is unconnected in block <module_filtro_fir>.
WARNING:Xst:2677 - Node <delay_9_28> of sequential type is unconnected in block <module_filtro_fir>.
WARNING:Xst:2677 - Node <delay_9_29> of sequential type is unconnected in block <module_filtro_fir>.
WARNING:Xst:2677 - Node <delay_9_30> of sequential type is unconnected in block <module_filtro_fir>.
WARNING:Xst:2677 - Node <delay_9_31> of sequential type is unconnected in block <module_filtro_fir>.
WARNING:Xst:2677 - Node <delay_10_28> of sequential type is unconnected in block <module_filtro_fir>.
WARNING:Xst:2677 - Node <delay_10_29> of sequential type is unconnected in block <module_filtro_fir>.
WARNING:Xst:2677 - Node <delay_10_30> of sequential type is unconnected in block <module_filtro_fir>.
WARNING:Xst:2677 - Node <delay_10_31> of sequential type is unconnected in block <module_filtro_fir>.
WARNING:Xst:2677 - Node <delay_11_28> of sequential type is unconnected in block <module_filtro_fir>.
WARNING:Xst:2677 - Node <delay_11_29> of sequential type is unconnected in block <module_filtro_fir>.
WARNING:Xst:2677 - Node <delay_11_30> of sequential type is unconnected in block <module_filtro_fir>.
WARNING:Xst:2677 - Node <delay_11_31> of sequential type is unconnected in block <module_filtro_fir>.
WARNING:Xst:2677 - Node <delay_12_28> of sequential type is unconnected in block <module_filtro_fir>.
WARNING:Xst:2677 - Node <delay_12_29> of sequential type is unconnected in block <module_filtro_fir>.
WARNING:Xst:2677 - Node <delay_12_30> of sequential type is unconnected in block <module_filtro_fir>.
WARNING:Xst:2677 - Node <delay_12_31> of sequential type is unconnected in block <module_filtro_fir>.
WARNING:Xst:2677 - Node <delay_13_28> of sequential type is unconnected in block <module_filtro_fir>.
WARNING:Xst:2677 - Node <delay_13_29> of sequential type is unconnected in block <module_filtro_fir>.
WARNING:Xst:2677 - Node <delay_13_30> of sequential type is unconnected in block <module_filtro_fir>.
WARNING:Xst:2677 - Node <delay_13_31> of sequential type is unconnected in block <module_filtro_fir>.
WARNING:Xst:2677 - Node <delay_14_28> of sequential type is unconnected in block <module_filtro_fir>.
WARNING:Xst:2677 - Node <delay_14_29> of sequential type is unconnected in block <module_filtro_fir>.
WARNING:Xst:2677 - Node <delay_14_30> of sequential type is unconnected in block <module_filtro_fir>.
WARNING:Xst:2677 - Node <delay_14_31> of sequential type is unconnected in block <module_filtro_fir>.
WARNING:Xst:2677 - Node <delay_15_28> of sequential type is unconnected in block <module_filtro_fir>.
WARNING:Xst:2677 - Node <delay_15_29> of sequential type is unconnected in block <module_filtro_fir>.
WARNING:Xst:2677 - Node <delay_15_30> of sequential type is unconnected in block <module_filtro_fir>.
WARNING:Xst:2677 - Node <delay_15_31> of sequential type is unconnected in block <module_filtro_fir>.
WARNING:Xst:2677 - Node <delay_16_28> of sequential type is unconnected in block <module_filtro_fir>.
WARNING:Xst:2677 - Node <delay_16_29> of sequential type is unconnected in block <module_filtro_fir>.
WARNING:Xst:2677 - Node <delay_16_30> of sequential type is unconnected in block <module_filtro_fir>.
WARNING:Xst:2677 - Node <delay_16_31> of sequential type is unconnected in block <module_filtro_fir>.
WARNING:Xst:2677 - Node <delay_17_28> of sequential type is unconnected in block <module_filtro_fir>.
WARNING:Xst:2677 - Node <delay_17_29> of sequential type is unconnected in block <module_filtro_fir>.
WARNING:Xst:2677 - Node <delay_17_30> of sequential type is unconnected in block <module_filtro_fir>.
WARNING:Xst:2677 - Node <delay_17_31> of sequential type is unconnected in block <module_filtro_fir>.
WARNING:Xst:2677 - Node <delay_18_28> of sequential type is unconnected in block <module_filtro_fir>.
WARNING:Xst:2677 - Node <delay_18_29> of sequential type is unconnected in block <module_filtro_fir>.
WARNING:Xst:2677 - Node <delay_18_30> of sequential type is unconnected in block <module_filtro_fir>.
WARNING:Xst:2677 - Node <delay_18_31> of sequential type is unconnected in block <module_filtro_fir>.
WARNING:Xst:2677 - Node <delay_19_28> of sequential type is unconnected in block <module_filtro_fir>.
WARNING:Xst:2677 - Node <delay_19_29> of sequential type is unconnected in block <module_filtro_fir>.
WARNING:Xst:2677 - Node <delay_19_30> of sequential type is unconnected in block <module_filtro_fir>.
WARNING:Xst:2677 - Node <delay_19_31> of sequential type is unconnected in block <module_filtro_fir>.
WARNING:Xst:2677 - Node <delay_20_28> of sequential type is unconnected in block <module_filtro_fir>.
WARNING:Xst:2677 - Node <delay_20_29> of sequential type is unconnected in block <module_filtro_fir>.
WARNING:Xst:2677 - Node <delay_20_30> of sequential type is unconnected in block <module_filtro_fir>.
WARNING:Xst:2677 - Node <delay_20_31> of sequential type is unconnected in block <module_filtro_fir>.
WARNING:Xst:2677 - Node <delay_21_28> of sequential type is unconnected in block <module_filtro_fir>.
WARNING:Xst:2677 - Node <delay_21_29> of sequential type is unconnected in block <module_filtro_fir>.
WARNING:Xst:2677 - Node <delay_21_30> of sequential type is unconnected in block <module_filtro_fir>.
WARNING:Xst:2677 - Node <delay_21_31> of sequential type is unconnected in block <module_filtro_fir>.
WARNING:Xst:2677 - Node <delay_22_28> of sequential type is unconnected in block <module_filtro_fir>.
WARNING:Xst:2677 - Node <delay_22_29> of sequential type is unconnected in block <module_filtro_fir>.
WARNING:Xst:2677 - Node <delay_22_30> of sequential type is unconnected in block <module_filtro_fir>.
WARNING:Xst:2677 - Node <delay_22_31> of sequential type is unconnected in block <module_filtro_fir>.
WARNING:Xst:2677 - Node <delay_23_28> of sequential type is unconnected in block <module_filtro_fir>.
WARNING:Xst:2677 - Node <delay_23_29> of sequential type is unconnected in block <module_filtro_fir>.
WARNING:Xst:2677 - Node <delay_23_30> of sequential type is unconnected in block <module_filtro_fir>.
WARNING:Xst:2677 - Node <delay_23_31> of sequential type is unconnected in block <module_filtro_fir>.
WARNING:Xst:2677 - Node <delay_24_28> of sequential type is unconnected in block <module_filtro_fir>.
WARNING:Xst:2677 - Node <delay_24_29> of sequential type is unconnected in block <module_filtro_fir>.
WARNING:Xst:2677 - Node <delay_24_30> of sequential type is unconnected in block <module_filtro_fir>.
WARNING:Xst:2677 - Node <delay_24_31> of sequential type is unconnected in block <module_filtro_fir>.
WARNING:Xst:2677 - Node <delay_25_28> of sequential type is unconnected in block <module_filtro_fir>.
WARNING:Xst:2677 - Node <delay_25_29> of sequential type is unconnected in block <module_filtro_fir>.
WARNING:Xst:2677 - Node <delay_25_30> of sequential type is unconnected in block <module_filtro_fir>.
WARNING:Xst:2677 - Node <delay_25_31> of sequential type is unconnected in block <module_filtro_fir>.
WARNING:Xst:2677 - Node <delay_26_28> of sequential type is unconnected in block <module_filtro_fir>.
WARNING:Xst:2677 - Node <delay_26_29> of sequential type is unconnected in block <module_filtro_fir>.
WARNING:Xst:2677 - Node <delay_26_30> of sequential type is unconnected in block <module_filtro_fir>.
WARNING:Xst:2677 - Node <delay_26_31> of sequential type is unconnected in block <module_filtro_fir>.
WARNING:Xst:2677 - Node <delay_27_28> of sequential type is unconnected in block <module_filtro_fir>.
WARNING:Xst:2677 - Node <delay_27_29> of sequential type is unconnected in block <module_filtro_fir>.
WARNING:Xst:2677 - Node <delay_27_30> of sequential type is unconnected in block <module_filtro_fir>.
WARNING:Xst:2677 - Node <delay_27_31> of sequential type is unconnected in block <module_filtro_fir>.
WARNING:Xst:2677 - Node <delay_28_28> of sequential type is unconnected in block <module_filtro_fir>.
WARNING:Xst:2677 - Node <delay_28_29> of sequential type is unconnected in block <module_filtro_fir>.
WARNING:Xst:2677 - Node <delay_28_30> of sequential type is unconnected in block <module_filtro_fir>.
WARNING:Xst:2677 - Node <delay_28_31> of sequential type is unconnected in block <module_filtro_fir>.
WARNING:Xst:2677 - Node <delay_29_28> of sequential type is unconnected in block <module_filtro_fir>.
WARNING:Xst:2677 - Node <delay_29_29> of sequential type is unconnected in block <module_filtro_fir>.
WARNING:Xst:2677 - Node <delay_29_30> of sequential type is unconnected in block <module_filtro_fir>.
WARNING:Xst:2677 - Node <delay_29_31> of sequential type is unconnected in block <module_filtro_fir>.
WARNING:Xst:2677 - Node <delay_30_28> of sequential type is unconnected in block <module_filtro_fir>.
WARNING:Xst:2677 - Node <delay_30_29> of sequential type is unconnected in block <module_filtro_fir>.
WARNING:Xst:2677 - Node <delay_30_30> of sequential type is unconnected in block <module_filtro_fir>.
WARNING:Xst:2677 - Node <delay_30_31> of sequential type is unconnected in block <module_filtro_fir>.
WARNING:Xst:2677 - Node <data_0> of sequential type is unconnected in block <module_DAC_ctrl>.

=========================================================================
Advanced HDL Synthesis Report

Macro Statistics
# Multipliers                                          : 16
 18x12-bit multiplier                                  : 16
# Adders/Subtractors                                   : 31
 28-bit adder                                          : 16
 32-bit adder                                          : 15
# Counters                                             : 3
 5-bit up counter                                      : 2
 6-bit up counter                                      : 1
# Registers                                            : 928
 Flip-Flops                                            : 928
# Comparators                                          : 5
 5-bit comparator greater                              : 3
 6-bit comparator greater                              : 1
 6-bit comparator lessequal                            : 1
# Multiplexers                                         : 74
 1-bit 2-to-1 multiplexer                              : 60
 12-bit 2-to-1 multiplexer                             : 13
 16-bit 2-to-1 multiplexer                             : 1

=========================================================================

=========================================================================
*                         Low Level Synthesis                           *
=========================================================================
INFO:Xst:2261 - The FF/Latch <delay_0_0> in Unit <module_filtro_fir> is equivalent to the following 9 FFs/Latches, which will be removed : <delay_0_1> <delay_0_2> <delay_0_3> <delay_0_4> <delay_0_5> <delay_0_6> <delay_0_7> <delay_0_8> <delay_0_9> 
INFO:Xst:2261 - The FF/Latch <delay_0_21> in Unit <module_filtro_fir> is equivalent to the following 6 FFs/Latches, which will be removed : <delay_0_22> <delay_0_23> <delay_0_24> <delay_0_25> <delay_0_26> <delay_0_27> 
WARNING:Xst:1293 - FF/Latch <delay_0_0> has a constant value of 0 in block <module_filtro_fir>. This FF/Latch will be trimmed during the optimization process.
WARNING:Xst:1896 - Due to other FF/Latch trimming, FF/Latch <delay_1_0> has a constant value of 0 in block <module_filtro_fir>. This FF/Latch will be trimmed during the optimization process.
WARNING:Xst:1896 - Due to other FF/Latch trimming, FF/Latch <delay_1_1> has a constant value of 0 in block <module_filtro_fir>. This FF/Latch will be trimmed during the optimization process.
WARNING:Xst:1896 - Due to other FF/Latch trimming, FF/Latch <delay_1_2> has a constant value of 0 in block <module_filtro_fir>. This FF/Latch will be trimmed during the optimization process.
WARNING:Xst:1896 - Due to other FF/Latch trimming, FF/Latch <delay_1_3> has a constant value of 0 in block <module_filtro_fir>. This FF/Latch will be trimmed during the optimization process.
WARNING:Xst:1896 - Due to other FF/Latch trimming, FF/Latch <delay_1_4> has a constant value of 0 in block <module_filtro_fir>. This FF/Latch will be trimmed during the optimization process.
WARNING:Xst:1896 - Due to other FF/Latch trimming, FF/Latch <delay_1_5> has a constant value of 0 in block <module_filtro_fir>. This FF/Latch will be trimmed during the optimization process.
WARNING:Xst:1896 - Due to other FF/Latch trimming, FF/Latch <delay_1_6> has a constant value of 0 in block <module_filtro_fir>. This FF/Latch will be trimmed during the optimization process.
WARNING:Xst:1896 - Due to other FF/Latch trimming, FF/Latch <delay_1_7> has a constant value of 0 in block <module_filtro_fir>. This FF/Latch will be trimmed during the optimization process.
WARNING:Xst:1896 - Due to other FF/Latch trimming, FF/Latch <delay_1_8> has a constant value of 0 in block <module_filtro_fir>. This FF/Latch will be trimmed during the optimization process.
WARNING:Xst:1896 - Due to other FF/Latch trimming, FF/Latch <delay_1_9> has a constant value of 0 in block <module_filtro_fir>. This FF/Latch will be trimmed during the optimization process.
WARNING:Xst:1896 - Due to other FF/Latch trimming, FF/Latch <delay_2_9> has a constant value of 0 in block <module_filtro_fir>. This FF/Latch will be trimmed during the optimization process.
WARNING:Xst:1896 - Due to other FF/Latch trimming, FF/Latch <delay_2_8> has a constant value of 0 in block <module_filtro_fir>. This FF/Latch will be trimmed during the optimization process.
WARNING:Xst:1896 - Due to other FF/Latch trimming, FF/Latch <delay_2_7> has a constant value of 0 in block <module_filtro_fir>. This FF/Latch will be trimmed during the optimization process.
WARNING:Xst:1896 - Due to other FF/Latch trimming, FF/Latch <delay_2_6> has a constant value of 0 in block <module_filtro_fir>. This FF/Latch will be trimmed during the optimization process.
WARNING:Xst:1896 - Due to other FF/Latch trimming, FF/Latch <delay_2_5> has a constant value of 0 in block <module_filtro_fir>. This FF/Latch will be trimmed during the optimization process.
WARNING:Xst:1896 - Due to other FF/Latch trimming, FF/Latch <delay_2_4> has a constant value of 0 in block <module_filtro_fir>. This FF/Latch will be trimmed during the optimization process.
WARNING:Xst:1896 - Due to other FF/Latch trimming, FF/Latch <delay_2_3> has a constant value of 0 in block <module_filtro_fir>. This FF/Latch will be trimmed during the optimization process.
WARNING:Xst:1896 - Due to other FF/Latch trimming, FF/Latch <delay_2_2> has a constant value of 0 in block <module_filtro_fir>. This FF/Latch will be trimmed during the optimization process.
WARNING:Xst:1896 - Due to other FF/Latch trimming, FF/Latch <delay_2_1> has a constant value of 0 in block <module_filtro_fir>. This FF/Latch will be trimmed during the optimization process.
WARNING:Xst:1896 - Due to other FF/Latch trimming, FF/Latch <delay_2_0> has a constant value of 0 in block <module_filtro_fir>. This FF/Latch will be trimmed during the optimization process.
WARNING:Xst:1896 - Due to other FF/Latch trimming, FF/Latch <delay_3_9> has a constant value of 0 in block <module_filtro_fir>. This FF/Latch will be trimmed during the optimization process.
WARNING:Xst:1896 - Due to other FF/Latch trimming, FF/Latch <delay_3_8> has a constant value of 0 in block <module_filtro_fir>. This FF/Latch will be trimmed during the optimization process.
WARNING:Xst:1896 - Due to other FF/Latch trimming, FF/Latch <delay_3_7> has a constant value of 0 in block <module_filtro_fir>. This FF/Latch will be trimmed during the optimization process.
WARNING:Xst:1896 - Due to other FF/Latch trimming, FF/Latch <delay_3_6> has a constant value of 0 in block <module_filtro_fir>. This FF/Latch will be trimmed during the optimization process.
WARNING:Xst:1896 - Due to other FF/Latch trimming, FF/Latch <delay_3_5> has a constant value of 0 in block <module_filtro_fir>. This FF/Latch will be trimmed during the optimization process.
WARNING:Xst:1896 - Due to other FF/Latch trimming, FF/Latch <delay_3_4> has a constant value of 0 in block <module_filtro_fir>. This FF/Latch will be trimmed during the optimization process.
WARNING:Xst:1896 - Due to other FF/Latch trimming, FF/Latch <delay_3_3> has a constant value of 0 in block <module_filtro_fir>. This FF/Latch will be trimmed during the optimization process.
WARNING:Xst:1896 - Due to other FF/Latch trimming, FF/Latch <delay_3_2> has a constant value of 0 in block <module_filtro_fir>. This FF/Latch will be trimmed during the optimization process.
WARNING:Xst:1896 - Due to other FF/Latch trimming, FF/Latch <delay_3_1> has a constant value of 0 in block <module_filtro_fir>. This FF/Latch will be trimmed during the optimization process.
WARNING:Xst:1896 - Due to other FF/Latch trimming, FF/Latch <delay_3_0> has a constant value of 0 in block <module_filtro_fir>. This FF/Latch will be trimmed during the optimization process.
WARNING:Xst:1896 - Due to other FF/Latch trimming, FF/Latch <delay_4_9> has a constant value of 0 in block <module_filtro_fir>. This FF/Latch will be trimmed during the optimization process.
WARNING:Xst:1896 - Due to other FF/Latch trimming, FF/Latch <delay_4_8> has a constant value of 0 in block <module_filtro_fir>. This FF/Latch will be trimmed during the optimization process.
WARNING:Xst:1896 - Due to other FF/Latch trimming, FF/Latch <delay_4_7> has a constant value of 0 in block <module_filtro_fir>. This FF/Latch will be trimmed during the optimization process.
WARNING:Xst:1896 - Due to other FF/Latch trimming, FF/Latch <delay_4_6> has a constant value of 0 in block <module_filtro_fir>. This FF/Latch will be trimmed during the optimization process.
WARNING:Xst:1896 - Due to other FF/Latch trimming, FF/Latch <delay_4_5> has a constant value of 0 in block <module_filtro_fir>. This FF/Latch will be trimmed during the optimization process.
WARNING:Xst:1896 - Due to other FF/Latch trimming, FF/Latch <delay_4_4> has a constant value of 0 in block <module_filtro_fir>. This FF/Latch will be trimmed during the optimization process.
WARNING:Xst:1896 - Due to other FF/Latch trimming, FF/Latch <delay_4_3> has a constant value of 0 in block <module_filtro_fir>. This FF/Latch will be trimmed during the optimization process.
WARNING:Xst:1896 - Due to other FF/Latch trimming, FF/Latch <delay_4_2> has a constant value of 0 in block <module_filtro_fir>. This FF/Latch will be trimmed during the optimization process.
WARNING:Xst:1896 - Due to other FF/Latch trimming, FF/Latch <delay_4_1> has a constant value of 0 in block <module_filtro_fir>. This FF/Latch will be trimmed during the optimization process.
WARNING:Xst:1896 - Due to other FF/Latch trimming, FF/Latch <delay_4_0> has a constant value of 0 in block <module_filtro_fir>. This FF/Latch will be trimmed during the optimization process.
WARNING:Xst:1896 - Due to other FF/Latch trimming, FF/Latch <delay_5_9> has a constant value of 0 in block <module_filtro_fir>. This FF/Latch will be trimmed during the optimization process.
WARNING:Xst:1896 - Due to other FF/Latch trimming, FF/Latch <delay_5_8> has a constant value of 0 in block <module_filtro_fir>. This FF/Latch will be trimmed during the optimization process.
WARNING:Xst:1896 - Due to other FF/Latch trimming, FF/Latch <delay_5_7> has a constant value of 0 in block <module_filtro_fir>. This FF/Latch will be trimmed during the optimization process.
WARNING:Xst:1896 - Due to other FF/Latch trimming, FF/Latch <delay_5_6> has a constant value of 0 in block <module_filtro_fir>. This FF/Latch will be trimmed during the optimization process.
WARNING:Xst:1896 - Due to other FF/Latch trimming, FF/Latch <delay_5_5> has a constant value of 0 in block <module_filtro_fir>. This FF/Latch will be trimmed during the optimization process.
WARNING:Xst:1896 - Due to other FF/Latch trimming, FF/Latch <delay_5_4> has a constant value of 0 in block <module_filtro_fir>. This FF/Latch will be trimmed during the optimization process.
WARNING:Xst:1896 - Due to other FF/Latch trimming, FF/Latch <delay_5_3> has a constant value of 0 in block <module_filtro_fir>. This FF/Latch will be trimmed during the optimization process.
WARNING:Xst:1896 - Due to other FF/Latch trimming, FF/Latch <delay_5_2> has a constant value of 0 in block <module_filtro_fir>. This FF/Latch will be trimmed during the optimization process.
WARNING:Xst:1896 - Due to other FF/Latch trimming, FF/Latch <delay_5_1> has a constant value of 0 in block <module_filtro_fir>. This FF/Latch will be trimmed during the optimization process.
WARNING:Xst:1896 - Due to other FF/Latch trimming, FF/Latch <delay_5_0> has a constant value of 0 in block <module_filtro_fir>. This FF/Latch will be trimmed during the optimization process.
WARNING:Xst:1896 - Due to other FF/Latch trimming, FF/Latch <delay_6_9> has a constant value of 0 in block <module_filtro_fir>. This FF/Latch will be trimmed during the optimization process.
WARNING:Xst:1896 - Due to other FF/Latch trimming, FF/Latch <delay_6_8> has a constant value of 0 in block <module_filtro_fir>. This FF/Latch will be trimmed during the optimization process.
WARNING:Xst:1896 - Due to other FF/Latch trimming, FF/Latch <delay_6_7> has a constant value of 0 in block <module_filtro_fir>. This FF/Latch will be trimmed during the optimization process.
WARNING:Xst:1896 - Due to other FF/Latch trimming, FF/Latch <delay_6_6> has a constant value of 0 in block <module_filtro_fir>. This FF/Latch will be trimmed during the optimization process.
WARNING:Xst:1896 - Due to other FF/Latch trimming, FF/Latch <delay_6_5> has a constant value of 0 in block <module_filtro_fir>. This FF/Latch will be trimmed during the optimization process.
WARNING:Xst:1896 - Due to other FF/Latch trimming, FF/Latch <delay_6_4> has a constant value of 0 in block <module_filtro_fir>. This FF/Latch will be trimmed during the optimization process.
WARNING:Xst:1896 - Due to other FF/Latch trimming, FF/Latch <delay_6_3> has a constant value of 0 in block <module_filtro_fir>. This FF/Latch will be trimmed during the optimization process.
WARNING:Xst:1896 - Due to other FF/Latch trimming, FF/Latch <delay_6_2> has a constant value of 0 in block <module_filtro_fir>. This FF/Latch will be trimmed during the optimization process.
WARNING:Xst:1896 - Due to other FF/Latch trimming, FF/Latch <delay_6_1> has a constant value of 0 in block <module_filtro_fir>. This FF/Latch will be trimmed during the optimization process.
WARNING:Xst:1896 - Due to other FF/Latch trimming, FF/Latch <delay_6_0> has a constant value of 0 in block <module_filtro_fir>. This FF/Latch will be trimmed during the optimization process.
WARNING:Xst:1896 - Due to other FF/Latch trimming, FF/Latch <delay_7_9> has a constant value of 0 in block <module_filtro_fir>. This FF/Latch will be trimmed during the optimization process.
WARNING:Xst:1896 - Due to other FF/Latch trimming, FF/Latch <delay_7_8> has a constant value of 0 in block <module_filtro_fir>. This FF/Latch will be trimmed during the optimization process.
WARNING:Xst:1896 - Due to other FF/Latch trimming, FF/Latch <delay_7_7> has a constant value of 0 in block <module_filtro_fir>. This FF/Latch will be trimmed during the optimization process.
WARNING:Xst:1896 - Due to other FF/Latch trimming, FF/Latch <delay_7_6> has a constant value of 0 in block <module_filtro_fir>. This FF/Latch will be trimmed during the optimization process.
WARNING:Xst:1896 - Due to other FF/Latch trimming, FF/Latch <delay_7_5> has a constant value of 0 in block <module_filtro_fir>. This FF/Latch will be trimmed during the optimization process.
WARNING:Xst:1896 - Due to other FF/Latch trimming, FF/Latch <delay_7_4> has a constant value of 0 in block <module_filtro_fir>. This FF/Latch will be trimmed during the optimization process.
WARNING:Xst:1896 - Due to other FF/Latch trimming, FF/Latch <delay_7_3> has a constant value of 0 in block <module_filtro_fir>. This FF/Latch will be trimmed during the optimization process.
WARNING:Xst:1896 - Due to other FF/Latch trimming, FF/Latch <delay_7_2> has a constant value of 0 in block <module_filtro_fir>. This FF/Latch will be trimmed during the optimization process.
WARNING:Xst:1896 - Due to other FF/Latch trimming, FF/Latch <delay_7_1> has a constant value of 0 in block <module_filtro_fir>. This FF/Latch will be trimmed during the optimization process.
WARNING:Xst:1896 - Due to other FF/Latch trimming, FF/Latch <delay_7_0> has a constant value of 0 in block <module_filtro_fir>. This FF/Latch will be trimmed during the optimization process.
WARNING:Xst:1896 - Due to other FF/Latch trimming, FF/Latch <delay_8_9> has a constant value of 0 in block <module_filtro_fir>. This FF/Latch will be trimmed during the optimization process.
WARNING:Xst:1896 - Due to other FF/Latch trimming, FF/Latch <delay_8_8> has a constant value of 0 in block <module_filtro_fir>. This FF/Latch will be trimmed during the optimization process.
WARNING:Xst:1896 - Due to other FF/Latch trimming, FF/Latch <delay_8_7> has a constant value of 0 in block <module_filtro_fir>. This FF/Latch will be trimmed during the optimization process.
WARNING:Xst:1896 - Due to other FF/Latch trimming, FF/Latch <delay_8_6> has a constant value of 0 in block <module_filtro_fir>. This FF/Latch will be trimmed during the optimization process.
WARNING:Xst:1896 - Due to other FF/Latch trimming, FF/Latch <delay_8_5> has a constant value of 0 in block <module_filtro_fir>. This FF/Latch will be trimmed during the optimization process.
WARNING:Xst:1896 - Due to other FF/Latch trimming, FF/Latch <delay_8_4> has a constant value of 0 in block <module_filtro_fir>. This FF/Latch will be trimmed during the optimization process.
WARNING:Xst:1896 - Due to other FF/Latch trimming, FF/Latch <delay_8_3> has a constant value of 0 in block <module_filtro_fir>. This FF/Latch will be trimmed during the optimization process.
WARNING:Xst:1896 - Due to other FF/Latch trimming, FF/Latch <delay_8_2> has a constant value of 0 in block <module_filtro_fir>. This FF/Latch will be trimmed during the optimization process.
WARNING:Xst:1896 - Due to other FF/Latch trimming, FF/Latch <delay_8_1> has a constant value of 0 in block <module_filtro_fir>. This FF/Latch will be trimmed during the optimization process.
WARNING:Xst:1896 - Due to other FF/Latch trimming, FF/Latch <delay_8_0> has a constant value of 0 in block <module_filtro_fir>. This FF/Latch will be trimmed during the optimization process.
WARNING:Xst:1896 - Due to other FF/Latch trimming, FF/Latch <delay_9_9> has a constant value of 0 in block <module_filtro_fir>. This FF/Latch will be trimmed during the optimization process.
WARNING:Xst:1896 - Due to other FF/Latch trimming, FF/Latch <delay_9_8> has a constant value of 0 in block <module_filtro_fir>. This FF/Latch will be trimmed during the optimization process.
WARNING:Xst:1896 - Due to other FF/Latch trimming, FF/Latch <delay_9_7> has a constant value of 0 in block <module_filtro_fir>. This FF/Latch will be trimmed during the optimization process.
WARNING:Xst:1896 - Due to other FF/Latch trimming, FF/Latch <delay_9_6> has a constant value of 0 in block <module_filtro_fir>. This FF/Latch will be trimmed during the optimization process.
WARNING:Xst:1896 - Due to other FF/Latch trimming, FF/Latch <delay_9_5> has a constant value of 0 in block <module_filtro_fir>. This FF/Latch will be trimmed during the optimization process.
WARNING:Xst:1896 - Due to other FF/Latch trimming, FF/Latch <delay_9_4> has a constant value of 0 in block <module_filtro_fir>. This FF/Latch will be trimmed during the optimization process.
WARNING:Xst:1896 - Due to other FF/Latch trimming, FF/Latch <delay_9_3> has a constant value of 0 in block <module_filtro_fir>. This FF/Latch will be trimmed during the optimization process.
WARNING:Xst:1896 - Due to other FF/Latch trimming, FF/Latch <delay_9_2> has a constant value of 0 in block <module_filtro_fir>. This FF/Latch will be trimmed during the optimization process.
WARNING:Xst:1896 - Due to other FF/Latch trimming, FF/Latch <delay_9_1> has a constant value of 0 in block <module_filtro_fir>. This FF/Latch will be trimmed during the optimization process.
WARNING:Xst:1896 - Due to other FF/Latch trimming, FF/Latch <delay_9_0> has a constant value of 0 in block <module_filtro_fir>. This FF/Latch will be trimmed during the optimization process.
WARNING:Xst:1896 - Due to other FF/Latch trimming, FF/Latch <delay_10_9> has a constant value of 0 in block <module_filtro_fir>. This FF/Latch will be trimmed during the optimization process.
WARNING:Xst:1896 - Due to other FF/Latch trimming, FF/Latch <delay_10_8> has a constant value of 0 in block <module_filtro_fir>. This FF/Latch will be trimmed during the optimization process.
WARNING:Xst:1896 - Due to other FF/Latch trimming, FF/Latch <delay_10_7> has a constant value of 0 in block <module_filtro_fir>. This FF/Latch will be trimmed during the optimization process.
WARNING:Xst:1896 - Due to other FF/Latch trimming, FF/Latch <delay_10_6> has a constant value of 0 in block <module_filtro_fir>. This FF/Latch will be trimmed during the optimization process.
WARNING:Xst:1896 - Due to other FF/Latch trimming, FF/Latch <delay_10_5> has a constant value of 0 in block <module_filtro_fir>. This FF/Latch will be trimmed during the optimization process.
WARNING:Xst:1896 - Due to other FF/Latch trimming, FF/Latch <delay_10_4> has a constant value of 0 in block <module_filtro_fir>. This FF/Latch will be trimmed during the optimization process.
WARNING:Xst:1896 - Due to other FF/Latch trimming, FF/Latch <delay_10_3> has a constant value of 0 in block <module_filtro_fir>. This FF/Latch will be trimmed during the optimization process.
WARNING:Xst:1896 - Due to other FF/Latch trimming, FF/Latch <delay_10_2> has a constant value of 0 in block <module_filtro_fir>. This FF/Latch will be trimmed during the optimization process.
WARNING:Xst:1896 - Due to other FF/Latch trimming, FF/Latch <delay_10_1> has a constant value of 0 in block <module_filtro_fir>. This FF/Latch will be trimmed during the optimization process.
WARNING:Xst:1896 - Due to other FF/Latch trimming, FF/Latch <delay_10_0> has a constant value of 0 in block <module_filtro_fir>. This FF/Latch will be trimmed during the optimization process.
WARNING:Xst:1896 - Due to other FF/Latch trimming, FF/Latch <delay_11_9> has a constant value of 0 in block <module_filtro_fir>. This FF/Latch will be trimmed during the optimization process.
WARNING:Xst:1896 - Due to other FF/Latch trimming, FF/Latch <delay_11_8> has a constant value of 0 in block <module_filtro_fir>. This FF/Latch will be trimmed during the optimization process.
WARNING:Xst:1896 - Due to other FF/Latch trimming, FF/Latch <delay_11_7> has a constant value of 0 in block <module_filtro_fir>. This FF/Latch will be trimmed during the optimization process.
WARNING:Xst:1896 - Due to other FF/Latch trimming, FF/Latch <delay_11_6> has a constant value of 0 in block <module_filtro_fir>. This FF/Latch will be trimmed during the optimization process.
WARNING:Xst:1896 - Due to other FF/Latch trimming, FF/Latch <delay_11_5> has a constant value of 0 in block <module_filtro_fir>. This FF/Latch will be trimmed during the optimization process.
WARNING:Xst:1896 - Due to other FF/Latch trimming, FF/Latch <delay_11_4> has a constant value of 0 in block <module_filtro_fir>. This FF/Latch will be trimmed during the optimization process.
WARNING:Xst:1896 - Due to other FF/Latch trimming, FF/Latch <delay_11_3> has a constant value of 0 in block <module_filtro_fir>. This FF/Latch will be trimmed during the optimization process.
WARNING:Xst:1896 - Due to other FF/Latch trimming, FF/Latch <delay_11_2> has a constant value of 0 in block <module_filtro_fir>. This FF/Latch will be trimmed during the optimization process.
WARNING:Xst:1896 - Due to other FF/Latch trimming, FF/Latch <delay_11_1> has a constant value of 0 in block <module_filtro_fir>. This FF/Latch will be trimmed during the optimization process.
WARNING:Xst:1896 - Due to other FF/Latch trimming, FF/Latch <delay_11_0> has a constant value of 0 in block <module_filtro_fir>. This FF/Latch will be trimmed during the optimization process.
WARNING:Xst:1896 - Due to other FF/Latch trimming, FF/Latch <delay_12_9> has a constant value of 0 in block <module_filtro_fir>. This FF/Latch will be trimmed during the optimization process.
WARNING:Xst:1896 - Due to other FF/Latch trimming, FF/Latch <delay_12_8> has a constant value of 0 in block <module_filtro_fir>. This FF/Latch will be trimmed during the optimization process.
WARNING:Xst:1896 - Due to other FF/Latch trimming, FF/Latch <delay_12_7> has a constant value of 0 in block <module_filtro_fir>. This FF/Latch will be trimmed during the optimization process.
WARNING:Xst:1896 - Due to other FF/Latch trimming, FF/Latch <delay_12_6> has a constant value of 0 in block <module_filtro_fir>. This FF/Latch will be trimmed during the optimization process.
WARNING:Xst:1896 - Due to other FF/Latch trimming, FF/Latch <delay_12_5> has a constant value of 0 in block <module_filtro_fir>. This FF/Latch will be trimmed during the optimization process.
WARNING:Xst:1896 - Due to other FF/Latch trimming, FF/Latch <delay_12_4> has a constant value of 0 in block <module_filtro_fir>. This FF/Latch will be trimmed during the optimization process.
WARNING:Xst:1896 - Due to other FF/Latch trimming, FF/Latch <delay_12_3> has a constant value of 0 in block <module_filtro_fir>. This FF/Latch will be trimmed during the optimization process.
WARNING:Xst:1896 - Due to other FF/Latch trimming, FF/Latch <delay_12_2> has a constant value of 0 in block <module_filtro_fir>. This FF/Latch will be trimmed during the optimization process.
WARNING:Xst:1896 - Due to other FF/Latch trimming, FF/Latch <delay_12_1> has a constant value of 0 in block <module_filtro_fir>. This FF/Latch will be trimmed during the optimization process.
WARNING:Xst:1896 - Due to other FF/Latch trimming, FF/Latch <delay_12_0> has a constant value of 0 in block <module_filtro_fir>. This FF/Latch will be trimmed during the optimization process.
WARNING:Xst:1896 - Due to other FF/Latch trimming, FF/Latch <delay_13_9> has a constant value of 0 in block <module_filtro_fir>. This FF/Latch will be trimmed during the optimization process.
WARNING:Xst:1896 - Due to other FF/Latch trimming, FF/Latch <delay_13_8> has a constant value of 0 in block <module_filtro_fir>. This FF/Latch will be trimmed during the optimization process.
WARNING:Xst:1896 - Due to other FF/Latch trimming, FF/Latch <delay_13_7> has a constant value of 0 in block <module_filtro_fir>. This FF/Latch will be trimmed during the optimization process.
WARNING:Xst:1896 - Due to other FF/Latch trimming, FF/Latch <delay_13_6> has a constant value of 0 in block <module_filtro_fir>. This FF/Latch will be trimmed during the optimization process.
WARNING:Xst:1896 - Due to other FF/Latch trimming, FF/Latch <delay_13_5> has a constant value of 0 in block <module_filtro_fir>. This FF/Latch will be trimmed during the optimization process.
WARNING:Xst:1896 - Due to other FF/Latch trimming, FF/Latch <delay_13_4> has a constant value of 0 in block <module_filtro_fir>. This FF/Latch will be trimmed during the optimization process.
WARNING:Xst:1896 - Due to other FF/Latch trimming, FF/Latch <delay_13_3> has a constant value of 0 in block <module_filtro_fir>. This FF/Latch will be trimmed during the optimization process.
WARNING:Xst:1896 - Due to other FF/Latch trimming, FF/Latch <delay_13_2> has a constant value of 0 in block <module_filtro_fir>. This FF/Latch will be trimmed during the optimization process.
WARNING:Xst:1896 - Due to other FF/Latch trimming, FF/Latch <delay_13_1> has a constant value of 0 in block <module_filtro_fir>. This FF/Latch will be trimmed during the optimization process.
WARNING:Xst:1896 - Due to other FF/Latch trimming, FF/Latch <delay_13_0> has a constant value of 0 in block <module_filtro_fir>. This FF/Latch will be trimmed during the optimization process.
WARNING:Xst:1896 - Due to other FF/Latch trimming, FF/Latch <delay_14_9> has a constant value of 0 in block <module_filtro_fir>. This FF/Latch will be trimmed during the optimization process.
WARNING:Xst:1896 - Due to other FF/Latch trimming, FF/Latch <delay_14_8> has a constant value of 0 in block <module_filtro_fir>. This FF/Latch will be trimmed during the optimization process.
WARNING:Xst:1896 - Due to other FF/Latch trimming, FF/Latch <delay_14_7> has a constant value of 0 in block <module_filtro_fir>. This FF/Latch will be trimmed during the optimization process.
WARNING:Xst:1896 - Due to other FF/Latch trimming, FF/Latch <delay_14_6> has a constant value of 0 in block <module_filtro_fir>. This FF/Latch will be trimmed during the optimization process.
WARNING:Xst:1896 - Due to other FF/Latch trimming, FF/Latch <delay_14_5> has a constant value of 0 in block <module_filtro_fir>. This FF/Latch will be trimmed during the optimization process.
WARNING:Xst:1896 - Due to other FF/Latch trimming, FF/Latch <delay_14_4> has a constant value of 0 in block <module_filtro_fir>. This FF/Latch will be trimmed during the optimization process.
WARNING:Xst:1896 - Due to other FF/Latch trimming, FF/Latch <delay_14_3> has a constant value of 0 in block <module_filtro_fir>. This FF/Latch will be trimmed during the optimization process.
WARNING:Xst:1896 - Due to other FF/Latch trimming, FF/Latch <delay_14_2> has a constant value of 0 in block <module_filtro_fir>. This FF/Latch will be trimmed during the optimization process.
WARNING:Xst:1896 - Due to other FF/Latch trimming, FF/Latch <delay_14_1> has a constant value of 0 in block <module_filtro_fir>. This FF/Latch will be trimmed during the optimization process.
WARNING:Xst:1896 - Due to other FF/Latch trimming, FF/Latch <delay_14_0> has a constant value of 0 in block <module_filtro_fir>. This FF/Latch will be trimmed during the optimization process.
WARNING:Xst:1896 - Due to other FF/Latch trimming, FF/Latch <delay_15_9> has a constant value of 0 in block <module_filtro_fir>. This FF/Latch will be trimmed during the optimization process.
WARNING:Xst:1896 - Due to other FF/Latch trimming, FF/Latch <delay_15_8> has a constant value of 0 in block <module_filtro_fir>. This FF/Latch will be trimmed during the optimization process.
WARNING:Xst:1896 - Due to other FF/Latch trimming, FF/Latch <delay_15_7> has a constant value of 0 in block <module_filtro_fir>. This FF/Latch will be trimmed during the optimization process.
WARNING:Xst:1896 - Due to other FF/Latch trimming, FF/Latch <delay_15_6> has a constant value of 0 in block <module_filtro_fir>. This FF/Latch will be trimmed during the optimization process.
WARNING:Xst:1896 - Due to other FF/Latch trimming, FF/Latch <delay_15_5> has a constant value of 0 in block <module_filtro_fir>. This FF/Latch will be trimmed during the optimization process.
WARNING:Xst:1896 - Due to other FF/Latch trimming, FF/Latch <delay_15_4> has a constant value of 0 in block <module_filtro_fir>. This FF/Latch will be trimmed during the optimization process.
WARNING:Xst:1896 - Due to other FF/Latch trimming, FF/Latch <delay_15_3> has a constant value of 0 in block <module_filtro_fir>. This FF/Latch will be trimmed during the optimization process.
WARNING:Xst:1896 - Due to other FF/Latch trimming, FF/Latch <delay_15_2> has a constant value of 0 in block <module_filtro_fir>. This FF/Latch will be trimmed during the optimization process.
WARNING:Xst:1896 - Due to other FF/Latch trimming, FF/Latch <delay_15_1> has a constant value of 0 in block <module_filtro_fir>. This FF/Latch will be trimmed during the optimization process.
WARNING:Xst:1896 - Due to other FF/Latch trimming, FF/Latch <delay_15_0> has a constant value of 0 in block <module_filtro_fir>. This FF/Latch will be trimmed during the optimization process.
WARNING:Xst:1896 - Due to other FF/Latch trimming, FF/Latch <delay_16_9> has a constant value of 0 in block <module_filtro_fir>. This FF/Latch will be trimmed during the optimization process.
WARNING:Xst:1896 - Due to other FF/Latch trimming, FF/Latch <delay_16_8> has a constant value of 0 in block <module_filtro_fir>. This FF/Latch will be trimmed during the optimization process.
WARNING:Xst:1896 - Due to other FF/Latch trimming, FF/Latch <delay_16_7> has a constant value of 0 in block <module_filtro_fir>. This FF/Latch will be trimmed during the optimization process.
WARNING:Xst:1896 - Due to other FF/Latch trimming, FF/Latch <delay_16_6> has a constant value of 0 in block <module_filtro_fir>. This FF/Latch will be trimmed during the optimization process.
WARNING:Xst:1896 - Due to other FF/Latch trimming, FF/Latch <delay_16_5> has a constant value of 0 in block <module_filtro_fir>. This FF/Latch will be trimmed during the optimization process.
WARNING:Xst:1896 - Due to other FF/Latch trimming, FF/Latch <delay_16_4> has a constant value of 0 in block <module_filtro_fir>. This FF/Latch will be trimmed during the optimization process.
WARNING:Xst:1896 - Due to other FF/Latch trimming, FF/Latch <delay_16_3> has a constant value of 0 in block <module_filtro_fir>. This FF/Latch will be trimmed during the optimization process.
WARNING:Xst:1896 - Due to other FF/Latch trimming, FF/Latch <delay_16_2> has a constant value of 0 in block <module_filtro_fir>. This FF/Latch will be trimmed during the optimization process.
WARNING:Xst:1896 - Due to other FF/Latch trimming, FF/Latch <delay_16_1> has a constant value of 0 in block <module_filtro_fir>. This FF/Latch will be trimmed during the optimization process.
WARNING:Xst:1896 - Due to other FF/Latch trimming, FF/Latch <delay_16_0> has a constant value of 0 in block <module_filtro_fir>. This FF/Latch will be trimmed during the optimization process.
WARNING:Xst:1896 - Due to other FF/Latch trimming, FF/Latch <delay_17_9> has a constant value of 0 in block <module_filtro_fir>. This FF/Latch will be trimmed during the optimization process.
WARNING:Xst:1896 - Due to other FF/Latch trimming, FF/Latch <delay_17_8> has a constant value of 0 in block <module_filtro_fir>. This FF/Latch will be trimmed during the optimization process.
WARNING:Xst:1896 - Due to other FF/Latch trimming, FF/Latch <delay_17_7> has a constant value of 0 in block <module_filtro_fir>. This FF/Latch will be trimmed during the optimization process.
WARNING:Xst:1896 - Due to other FF/Latch trimming, FF/Latch <delay_17_6> has a constant value of 0 in block <module_filtro_fir>. This FF/Latch will be trimmed during the optimization process.
WARNING:Xst:1896 - Due to other FF/Latch trimming, FF/Latch <delay_17_5> has a constant value of 0 in block <module_filtro_fir>. This FF/Latch will be trimmed during the optimization process.
WARNING:Xst:1896 - Due to other FF/Latch trimming, FF/Latch <delay_17_4> has a constant value of 0 in block <module_filtro_fir>. This FF/Latch will be trimmed during the optimization process.
WARNING:Xst:1896 - Due to other FF/Latch trimming, FF/Latch <delay_17_3> has a constant value of 0 in block <module_filtro_fir>. This FF/Latch will be trimmed during the optimization process.
WARNING:Xst:1896 - Due to other FF/Latch trimming, FF/Latch <delay_17_2> has a constant value of 0 in block <module_filtro_fir>. This FF/Latch will be trimmed during the optimization process.
WARNING:Xst:1896 - Due to other FF/Latch trimming, FF/Latch <delay_17_1> has a constant value of 0 in block <module_filtro_fir>. This FF/Latch will be trimmed during the optimization process.
WARNING:Xst:1896 - Due to other FF/Latch trimming, FF/Latch <delay_17_0> has a constant value of 0 in block <module_filtro_fir>. This FF/Latch will be trimmed during the optimization process.
WARNING:Xst:1896 - Due to other FF/Latch trimming, FF/Latch <delay_18_9> has a constant value of 0 in block <module_filtro_fir>. This FF/Latch will be trimmed during the optimization process.
WARNING:Xst:1896 - Due to other FF/Latch trimming, FF/Latch <delay_18_8> has a constant value of 0 in block <module_filtro_fir>. This FF/Latch will be trimmed during the optimization process.
WARNING:Xst:1896 - Due to other FF/Latch trimming, FF/Latch <delay_18_7> has a constant value of 0 in block <module_filtro_fir>. This FF/Latch will be trimmed during the optimization process.
WARNING:Xst:1896 - Due to other FF/Latch trimming, FF/Latch <delay_18_6> has a constant value of 0 in block <module_filtro_fir>. This FF/Latch will be trimmed during the optimization process.
WARNING:Xst:1896 - Due to other FF/Latch trimming, FF/Latch <delay_18_5> has a constant value of 0 in block <module_filtro_fir>. This FF/Latch will be trimmed during the optimization process.
WARNING:Xst:1896 - Due to other FF/Latch trimming, FF/Latch <delay_18_4> has a constant value of 0 in block <module_filtro_fir>. This FF/Latch will be trimmed during the optimization process.
WARNING:Xst:1896 - Due to other FF/Latch trimming, FF/Latch <delay_18_3> has a constant value of 0 in block <module_filtro_fir>. This FF/Latch will be trimmed during the optimization process.
WARNING:Xst:1896 - Due to other FF/Latch trimming, FF/Latch <delay_18_2> has a constant value of 0 in block <module_filtro_fir>. This FF/Latch will be trimmed during the optimization process.
WARNING:Xst:1896 - Due to other FF/Latch trimming, FF/Latch <delay_18_1> has a constant value of 0 in block <module_filtro_fir>. This FF/Latch will be trimmed during the optimization process.
WARNING:Xst:1896 - Due to other FF/Latch trimming, FF/Latch <delay_18_0> has a constant value of 0 in block <module_filtro_fir>. This FF/Latch will be trimmed during the optimization process.
WARNING:Xst:1896 - Due to other FF/Latch trimming, FF/Latch <delay_19_9> has a constant value of 0 in block <module_filtro_fir>. This FF/Latch will be trimmed during the optimization process.
WARNING:Xst:1896 - Due to other FF/Latch trimming, FF/Latch <delay_19_8> has a constant value of 0 in block <module_filtro_fir>. This FF/Latch will be trimmed during the optimization process.
WARNING:Xst:1896 - Due to other FF/Latch trimming, FF/Latch <delay_19_7> has a constant value of 0 in block <module_filtro_fir>. This FF/Latch will be trimmed during the optimization process.
WARNING:Xst:1896 - Due to other FF/Latch trimming, FF/Latch <delay_19_6> has a constant value of 0 in block <module_filtro_fir>. This FF/Latch will be trimmed during the optimization process.
WARNING:Xst:1896 - Due to other FF/Latch trimming, FF/Latch <delay_19_5> has a constant value of 0 in block <module_filtro_fir>. This FF/Latch will be trimmed during the optimization process.
WARNING:Xst:1896 - Due to other FF/Latch trimming, FF/Latch <delay_19_4> has a constant value of 0 in block <module_filtro_fir>. This FF/Latch will be trimmed during the optimization process.
WARNING:Xst:1896 - Due to other FF/Latch trimming, FF/Latch <delay_19_3> has a constant value of 0 in block <module_filtro_fir>. This FF/Latch will be trimmed during the optimization process.
WARNING:Xst:1896 - Due to other FF/Latch trimming, FF/Latch <delay_19_2> has a constant value of 0 in block <module_filtro_fir>. This FF/Latch will be trimmed during the optimization process.
WARNING:Xst:1896 - Due to other FF/Latch trimming, FF/Latch <delay_19_1> has a constant value of 0 in block <module_filtro_fir>. This FF/Latch will be trimmed during the optimization process.
WARNING:Xst:1896 - Due to other FF/Latch trimming, FF/Latch <delay_19_0> has a constant value of 0 in block <module_filtro_fir>. This FF/Latch will be trimmed during the optimization process.
WARNING:Xst:1896 - Due to other FF/Latch trimming, FF/Latch <delay_20_9> has a constant value of 0 in block <module_filtro_fir>. This FF/Latch will be trimmed during the optimization process.
WARNING:Xst:1896 - Due to other FF/Latch trimming, FF/Latch <delay_20_8> has a constant value of 0 in block <module_filtro_fir>. This FF/Latch will be trimmed during the optimization process.
WARNING:Xst:1896 - Due to other FF/Latch trimming, FF/Latch <delay_20_7> has a constant value of 0 in block <module_filtro_fir>. This FF/Latch will be trimmed during the optimization process.
WARNING:Xst:1896 - Due to other FF/Latch trimming, FF/Latch <delay_20_6> has a constant value of 0 in block <module_filtro_fir>. This FF/Latch will be trimmed during the optimization process.
WARNING:Xst:1896 - Due to other FF/Latch trimming, FF/Latch <delay_20_5> has a constant value of 0 in block <module_filtro_fir>. This FF/Latch will be trimmed during the optimization process.
WARNING:Xst:1896 - Due to other FF/Latch trimming, FF/Latch <delay_20_4> has a constant value of 0 in block <module_filtro_fir>. This FF/Latch will be trimmed during the optimization process.
WARNING:Xst:1896 - Due to other FF/Latch trimming, FF/Latch <delay_20_3> has a constant value of 0 in block <module_filtro_fir>. This FF/Latch will be trimmed during the optimization process.
WARNING:Xst:1896 - Due to other FF/Latch trimming, FF/Latch <delay_20_2> has a constant value of 0 in block <module_filtro_fir>. This FF/Latch will be trimmed during the optimization process.
WARNING:Xst:1896 - Due to other FF/Latch trimming, FF/Latch <delay_20_1> has a constant value of 0 in block <module_filtro_fir>. This FF/Latch will be trimmed during the optimization process.
WARNING:Xst:1896 - Due to other FF/Latch trimming, FF/Latch <delay_20_0> has a constant value of 0 in block <module_filtro_fir>. This FF/Latch will be trimmed during the optimization process.
WARNING:Xst:1896 - Due to other FF/Latch trimming, FF/Latch <delay_21_9> has a constant value of 0 in block <module_filtro_fir>. This FF/Latch will be trimmed during the optimization process.
WARNING:Xst:1896 - Due to other FF/Latch trimming, FF/Latch <delay_21_8> has a constant value of 0 in block <module_filtro_fir>. This FF/Latch will be trimmed during the optimization process.
WARNING:Xst:1896 - Due to other FF/Latch trimming, FF/Latch <delay_21_7> has a constant value of 0 in block <module_filtro_fir>. This FF/Latch will be trimmed during the optimization process.
WARNING:Xst:1896 - Due to other FF/Latch trimming, FF/Latch <delay_21_6> has a constant value of 0 in block <module_filtro_fir>. This FF/Latch will be trimmed during the optimization process.
WARNING:Xst:1896 - Due to other FF/Latch trimming, FF/Latch <delay_21_5> has a constant value of 0 in block <module_filtro_fir>. This FF/Latch will be trimmed during the optimization process.
WARNING:Xst:1896 - Due to other FF/Latch trimming, FF/Latch <delay_21_4> has a constant value of 0 in block <module_filtro_fir>. This FF/Latch will be trimmed during the optimization process.
WARNING:Xst:1896 - Due to other FF/Latch trimming, FF/Latch <delay_21_3> has a constant value of 0 in block <module_filtro_fir>. This FF/Latch will be trimmed during the optimization process.
WARNING:Xst:1896 - Due to other FF/Latch trimming, FF/Latch <delay_21_2> has a constant value of 0 in block <module_filtro_fir>. This FF/Latch will be trimmed during the optimization process.
WARNING:Xst:1896 - Due to other FF/Latch trimming, FF/Latch <delay_21_1> has a constant value of 0 in block <module_filtro_fir>. This FF/Latch will be trimmed during the optimization process.
WARNING:Xst:1896 - Due to other FF/Latch trimming, FF/Latch <delay_21_0> has a constant value of 0 in block <module_filtro_fir>. This FF/Latch will be trimmed during the optimization process.
WARNING:Xst:1896 - Due to other FF/Latch trimming, FF/Latch <delay_22_9> has a constant value of 0 in block <module_filtro_fir>. This FF/Latch will be trimmed during the optimization process.
WARNING:Xst:1896 - Due to other FF/Latch trimming, FF/Latch <delay_22_8> has a constant value of 0 in block <module_filtro_fir>. This FF/Latch will be trimmed during the optimization process.
WARNING:Xst:1896 - Due to other FF/Latch trimming, FF/Latch <delay_22_7> has a constant value of 0 in block <module_filtro_fir>. This FF/Latch will be trimmed during the optimization process.
WARNING:Xst:1896 - Due to other FF/Latch trimming, FF/Latch <delay_22_6> has a constant value of 0 in block <module_filtro_fir>. This FF/Latch will be trimmed during the optimization process.
WARNING:Xst:1896 - Due to other FF/Latch trimming, FF/Latch <delay_22_5> has a constant value of 0 in block <module_filtro_fir>. This FF/Latch will be trimmed during the optimization process.
WARNING:Xst:1896 - Due to other FF/Latch trimming, FF/Latch <delay_22_4> has a constant value of 0 in block <module_filtro_fir>. This FF/Latch will be trimmed during the optimization process.
WARNING:Xst:1896 - Due to other FF/Latch trimming, FF/Latch <delay_22_3> has a constant value of 0 in block <module_filtro_fir>. This FF/Latch will be trimmed during the optimization process.
WARNING:Xst:1896 - Due to other FF/Latch trimming, FF/Latch <delay_22_2> has a constant value of 0 in block <module_filtro_fir>. This FF/Latch will be trimmed during the optimization process.
WARNING:Xst:1896 - Due to other FF/Latch trimming, FF/Latch <delay_22_1> has a constant value of 0 in block <module_filtro_fir>. This FF/Latch will be trimmed during the optimization process.
WARNING:Xst:1896 - Due to other FF/Latch trimming, FF/Latch <delay_22_0> has a constant value of 0 in block <module_filtro_fir>. This FF/Latch will be trimmed during the optimization process.
WARNING:Xst:1896 - Due to other FF/Latch trimming, FF/Latch <delay_23_9> has a constant value of 0 in block <module_filtro_fir>. This FF/Latch will be trimmed during the optimization process.
WARNING:Xst:1896 - Due to other FF/Latch trimming, FF/Latch <delay_23_8> has a constant value of 0 in block <module_filtro_fir>. This FF/Latch will be trimmed during the optimization process.
WARNING:Xst:1896 - Due to other FF/Latch trimming, FF/Latch <delay_23_7> has a constant value of 0 in block <module_filtro_fir>. This FF/Latch will be trimmed during the optimization process.
WARNING:Xst:1896 - Due to other FF/Latch trimming, FF/Latch <delay_23_6> has a constant value of 0 in block <module_filtro_fir>. This FF/Latch will be trimmed during the optimization process.
WARNING:Xst:1896 - Due to other FF/Latch trimming, FF/Latch <delay_23_5> has a constant value of 0 in block <module_filtro_fir>. This FF/Latch will be trimmed during the optimization process.
WARNING:Xst:1896 - Due to other FF/Latch trimming, FF/Latch <delay_23_4> has a constant value of 0 in block <module_filtro_fir>. This FF/Latch will be trimmed during the optimization process.
WARNING:Xst:1896 - Due to other FF/Latch trimming, FF/Latch <delay_23_3> has a constant value of 0 in block <module_filtro_fir>. This FF/Latch will be trimmed during the optimization process.
WARNING:Xst:1896 - Due to other FF/Latch trimming, FF/Latch <delay_23_2> has a constant value of 0 in block <module_filtro_fir>. This FF/Latch will be trimmed during the optimization process.
WARNING:Xst:1896 - Due to other FF/Latch trimming, FF/Latch <delay_23_1> has a constant value of 0 in block <module_filtro_fir>. This FF/Latch will be trimmed during the optimization process.
WARNING:Xst:1896 - Due to other FF/Latch trimming, FF/Latch <delay_23_0> has a constant value of 0 in block <module_filtro_fir>. This FF/Latch will be trimmed during the optimization process.
WARNING:Xst:1896 - Due to other FF/Latch trimming, FF/Latch <delay_24_9> has a constant value of 0 in block <module_filtro_fir>. This FF/Latch will be trimmed during the optimization process.
WARNING:Xst:1896 - Due to other FF/Latch trimming, FF/Latch <delay_24_8> has a constant value of 0 in block <module_filtro_fir>. This FF/Latch will be trimmed during the optimization process.
WARNING:Xst:1896 - Due to other FF/Latch trimming, FF/Latch <delay_24_7> has a constant value of 0 in block <module_filtro_fir>. This FF/Latch will be trimmed during the optimization process.
WARNING:Xst:1896 - Due to other FF/Latch trimming, FF/Latch <delay_24_6> has a constant value of 0 in block <module_filtro_fir>. This FF/Latch will be trimmed during the optimization process.
WARNING:Xst:1896 - Due to other FF/Latch trimming, FF/Latch <delay_24_5> has a constant value of 0 in block <module_filtro_fir>. This FF/Latch will be trimmed during the optimization process.
WARNING:Xst:1896 - Due to other FF/Latch trimming, FF/Latch <delay_24_4> has a constant value of 0 in block <module_filtro_fir>. This FF/Latch will be trimmed during the optimization process.
WARNING:Xst:1896 - Due to other FF/Latch trimming, FF/Latch <delay_24_3> has a constant value of 0 in block <module_filtro_fir>. This FF/Latch will be trimmed during the optimization process.
WARNING:Xst:1896 - Due to other FF/Latch trimming, FF/Latch <delay_24_2> has a constant value of 0 in block <module_filtro_fir>. This FF/Latch will be trimmed during the optimization process.
WARNING:Xst:1896 - Due to other FF/Latch trimming, FF/Latch <delay_24_1> has a constant value of 0 in block <module_filtro_fir>. This FF/Latch will be trimmed during the optimization process.
WARNING:Xst:1896 - Due to other FF/Latch trimming, FF/Latch <delay_24_0> has a constant value of 0 in block <module_filtro_fir>. This FF/Latch will be trimmed during the optimization process.
WARNING:Xst:1896 - Due to other FF/Latch trimming, FF/Latch <delay_25_9> has a constant value of 0 in block <module_filtro_fir>. This FF/Latch will be trimmed during the optimization process.
WARNING:Xst:1896 - Due to other FF/Latch trimming, FF/Latch <delay_25_8> has a constant value of 0 in block <module_filtro_fir>. This FF/Latch will be trimmed during the optimization process.
WARNING:Xst:1896 - Due to other FF/Latch trimming, FF/Latch <delay_25_7> has a constant value of 0 in block <module_filtro_fir>. This FF/Latch will be trimmed during the optimization process.
WARNING:Xst:1896 - Due to other FF/Latch trimming, FF/Latch <delay_25_6> has a constant value of 0 in block <module_filtro_fir>. This FF/Latch will be trimmed during the optimization process.
WARNING:Xst:1896 - Due to other FF/Latch trimming, FF/Latch <delay_25_5> has a constant value of 0 in block <module_filtro_fir>. This FF/Latch will be trimmed during the optimization process.
WARNING:Xst:1896 - Due to other FF/Latch trimming, FF/Latch <delay_25_4> has a constant value of 0 in block <module_filtro_fir>. This FF/Latch will be trimmed during the optimization process.
WARNING:Xst:1896 - Due to other FF/Latch trimming, FF/Latch <delay_25_3> has a constant value of 0 in block <module_filtro_fir>. This FF/Latch will be trimmed during the optimization process.
WARNING:Xst:1896 - Due to other FF/Latch trimming, FF/Latch <delay_25_2> has a constant value of 0 in block <module_filtro_fir>. This FF/Latch will be trimmed during the optimization process.
WARNING:Xst:1896 - Due to other FF/Latch trimming, FF/Latch <delay_25_1> has a constant value of 0 in block <module_filtro_fir>. This FF/Latch will be trimmed during the optimization process.
WARNING:Xst:1896 - Due to other FF/Latch trimming, FF/Latch <delay_25_0> has a constant value of 0 in block <module_filtro_fir>. This FF/Latch will be trimmed during the optimization process.
WARNING:Xst:1896 - Due to other FF/Latch trimming, FF/Latch <delay_26_9> has a constant value of 0 in block <module_filtro_fir>. This FF/Latch will be trimmed during the optimization process.
WARNING:Xst:1896 - Due to other FF/Latch trimming, FF/Latch <delay_26_8> has a constant value of 0 in block <module_filtro_fir>. This FF/Latch will be trimmed during the optimization process.
WARNING:Xst:1896 - Due to other FF/Latch trimming, FF/Latch <delay_26_7> has a constant value of 0 in block <module_filtro_fir>. This FF/Latch will be trimmed during the optimization process.
WARNING:Xst:1896 - Due to other FF/Latch trimming, FF/Latch <delay_26_6> has a constant value of 0 in block <module_filtro_fir>. This FF/Latch will be trimmed during the optimization process.
WARNING:Xst:1896 - Due to other FF/Latch trimming, FF/Latch <delay_26_5> has a constant value of 0 in block <module_filtro_fir>. This FF/Latch will be trimmed during the optimization process.
WARNING:Xst:1896 - Due to other FF/Latch trimming, FF/Latch <delay_26_4> has a constant value of 0 in block <module_filtro_fir>. This FF/Latch will be trimmed during the optimization process.
WARNING:Xst:1896 - Due to other FF/Latch trimming, FF/Latch <delay_26_3> has a constant value of 0 in block <module_filtro_fir>. This FF/Latch will be trimmed during the optimization process.
WARNING:Xst:1896 - Due to other FF/Latch trimming, FF/Latch <delay_26_2> has a constant value of 0 in block <module_filtro_fir>. This FF/Latch will be trimmed during the optimization process.
WARNING:Xst:1896 - Due to other FF/Latch trimming, FF/Latch <delay_26_1> has a constant value of 0 in block <module_filtro_fir>. This FF/Latch will be trimmed during the optimization process.
WARNING:Xst:1896 - Due to other FF/Latch trimming, FF/Latch <delay_26_0> has a constant value of 0 in block <module_filtro_fir>. This FF/Latch will be trimmed during the optimization process.
WARNING:Xst:1896 - Due to other FF/Latch trimming, FF/Latch <delay_27_9> has a constant value of 0 in block <module_filtro_fir>. This FF/Latch will be trimmed during the optimization process.
WARNING:Xst:1896 - Due to other FF/Latch trimming, FF/Latch <delay_27_8> has a constant value of 0 in block <module_filtro_fir>. This FF/Latch will be trimmed during the optimization process.
WARNING:Xst:1896 - Due to other FF/Latch trimming, FF/Latch <delay_27_7> has a constant value of 0 in block <module_filtro_fir>. This FF/Latch will be trimmed during the optimization process.
WARNING:Xst:1896 - Due to other FF/Latch trimming, FF/Latch <delay_27_6> has a constant value of 0 in block <module_filtro_fir>. This FF/Latch will be trimmed during the optimization process.
WARNING:Xst:1896 - Due to other FF/Latch trimming, FF/Latch <delay_27_5> has a constant value of 0 in block <module_filtro_fir>. This FF/Latch will be trimmed during the optimization process.
WARNING:Xst:1896 - Due to other FF/Latch trimming, FF/Latch <delay_27_4> has a constant value of 0 in block <module_filtro_fir>. This FF/Latch will be trimmed during the optimization process.
WARNING:Xst:1896 - Due to other FF/Latch trimming, FF/Latch <delay_27_3> has a constant value of 0 in block <module_filtro_fir>. This FF/Latch will be trimmed during the optimization process.
WARNING:Xst:1896 - Due to other FF/Latch trimming, FF/Latch <delay_27_2> has a constant value of 0 in block <module_filtro_fir>. This FF/Latch will be trimmed during the optimization process.
WARNING:Xst:1896 - Due to other FF/Latch trimming, FF/Latch <delay_27_1> has a constant value of 0 in block <module_filtro_fir>. This FF/Latch will be trimmed during the optimization process.
WARNING:Xst:1896 - Due to other FF/Latch trimming, FF/Latch <delay_27_0> has a constant value of 0 in block <module_filtro_fir>. This FF/Latch will be trimmed during the optimization process.
WARNING:Xst:1896 - Due to other FF/Latch trimming, FF/Latch <delay_28_9> has a constant value of 0 in block <module_filtro_fir>. This FF/Latch will be trimmed during the optimization process.
WARNING:Xst:1896 - Due to other FF/Latch trimming, FF/Latch <delay_28_8> has a constant value of 0 in block <module_filtro_fir>. This FF/Latch will be trimmed during the optimization process.
WARNING:Xst:1896 - Due to other FF/Latch trimming, FF/Latch <delay_28_7> has a constant value of 0 in block <module_filtro_fir>. This FF/Latch will be trimmed during the optimization process.
WARNING:Xst:1896 - Due to other FF/Latch trimming, FF/Latch <delay_28_6> has a constant value of 0 in block <module_filtro_fir>. This FF/Latch will be trimmed during the optimization process.
WARNING:Xst:1896 - Due to other FF/Latch trimming, FF/Latch <delay_28_5> has a constant value of 0 in block <module_filtro_fir>. This FF/Latch will be trimmed during the optimization process.
WARNING:Xst:1896 - Due to other FF/Latch trimming, FF/Latch <delay_28_4> has a constant value of 0 in block <module_filtro_fir>. This FF/Latch will be trimmed during the optimization process.
WARNING:Xst:1896 - Due to other FF/Latch trimming, FF/Latch <delay_28_3> has a constant value of 0 in block <module_filtro_fir>. This FF/Latch will be trimmed during the optimization process.
WARNING:Xst:1896 - Due to other FF/Latch trimming, FF/Latch <delay_28_2> has a constant value of 0 in block <module_filtro_fir>. This FF/Latch will be trimmed during the optimization process.
WARNING:Xst:1896 - Due to other FF/Latch trimming, FF/Latch <delay_28_1> has a constant value of 0 in block <module_filtro_fir>. This FF/Latch will be trimmed during the optimization process.
WARNING:Xst:1896 - Due to other FF/Latch trimming, FF/Latch <delay_28_0> has a constant value of 0 in block <module_filtro_fir>. This FF/Latch will be trimmed during the optimization process.
WARNING:Xst:1896 - Due to other FF/Latch trimming, FF/Latch <delay_29_9> has a constant value of 0 in block <module_filtro_fir>. This FF/Latch will be trimmed during the optimization process.
WARNING:Xst:1896 - Due to other FF/Latch trimming, FF/Latch <delay_29_8> has a constant value of 0 in block <module_filtro_fir>. This FF/Latch will be trimmed during the optimization process.
WARNING:Xst:1896 - Due to other FF/Latch trimming, FF/Latch <delay_29_7> has a constant value of 0 in block <module_filtro_fir>. This FF/Latch will be trimmed during the optimization process.
WARNING:Xst:1896 - Due to other FF/Latch trimming, FF/Latch <delay_29_6> has a constant value of 0 in block <module_filtro_fir>. This FF/Latch will be trimmed during the optimization process.
WARNING:Xst:1896 - Due to other FF/Latch trimming, FF/Latch <delay_29_5> has a constant value of 0 in block <module_filtro_fir>. This FF/Latch will be trimmed during the optimization process.
WARNING:Xst:1896 - Due to other FF/Latch trimming, FF/Latch <delay_29_4> has a constant value of 0 in block <module_filtro_fir>. This FF/Latch will be trimmed during the optimization process.
WARNING:Xst:1896 - Due to other FF/Latch trimming, FF/Latch <delay_29_3> has a constant value of 0 in block <module_filtro_fir>. This FF/Latch will be trimmed during the optimization process.
WARNING:Xst:1896 - Due to other FF/Latch trimming, FF/Latch <delay_29_2> has a constant value of 0 in block <module_filtro_fir>. This FF/Latch will be trimmed during the optimization process.
WARNING:Xst:1896 - Due to other FF/Latch trimming, FF/Latch <delay_29_1> has a constant value of 0 in block <module_filtro_fir>. This FF/Latch will be trimmed during the optimization process.
WARNING:Xst:1896 - Due to other FF/Latch trimming, FF/Latch <delay_29_0> has a constant value of 0 in block <module_filtro_fir>. This FF/Latch will be trimmed during the optimization process.
WARNING:Xst:1896 - Due to other FF/Latch trimming, FF/Latch <delay_30_0> has a constant value of 0 in block <module_filtro_fir>. This FF/Latch will be trimmed during the optimization process.
WARNING:Xst:1896 - Due to other FF/Latch trimming, FF/Latch <delay_30_1> has a constant value of 0 in block <module_filtro_fir>. This FF/Latch will be trimmed during the optimization process.
WARNING:Xst:1896 - Due to other FF/Latch trimming, FF/Latch <delay_30_2> has a constant value of 0 in block <module_filtro_fir>. This FF/Latch will be trimmed during the optimization process.
WARNING:Xst:1896 - Due to other FF/Latch trimming, FF/Latch <delay_30_3> has a constant value of 0 in block <module_filtro_fir>. This FF/Latch will be trimmed during the optimization process.
WARNING:Xst:1896 - Due to other FF/Latch trimming, FF/Latch <delay_30_4> has a constant value of 0 in block <module_filtro_fir>. This FF/Latch will be trimmed during the optimization process.
WARNING:Xst:1896 - Due to other FF/Latch trimming, FF/Latch <delay_30_5> has a constant value of 0 in block <module_filtro_fir>. This FF/Latch will be trimmed during the optimization process.
WARNING:Xst:1896 - Due to other FF/Latch trimming, FF/Latch <delay_30_6> has a constant value of 0 in block <module_filtro_fir>. This FF/Latch will be trimmed during the optimization process.
WARNING:Xst:1896 - Due to other FF/Latch trimming, FF/Latch <delay_30_7> has a constant value of 0 in block <module_filtro_fir>. This FF/Latch will be trimmed during the optimization process.
WARNING:Xst:1896 - Due to other FF/Latch trimming, FF/Latch <delay_30_8> has a constant value of 0 in block <module_filtro_fir>. This FF/Latch will be trimmed during the optimization process.
WARNING:Xst:1896 - Due to other FF/Latch trimming, FF/Latch <delay_30_9> has a constant value of 0 in block <module_filtro_fir>. This FF/Latch will be trimmed during the optimization process.
INFO:Xst:2261 - The FF/Latch <delay_1_21> in Unit <module_filtro_fir> is equivalent to the following 6 FFs/Latches, which will be removed : <delay_1_22> <delay_1_23> <delay_1_24> <delay_1_25> <delay_1_26> <delay_1_27> 
INFO:Xst:2261 - The FF/Latch <delay_2_21> in Unit <module_filtro_fir> is equivalent to the following 6 FFs/Latches, which will be removed : <delay_2_22> <delay_2_23> <delay_2_24> <delay_2_25> <delay_2_26> <delay_2_27> 
INFO:Xst:2261 - The FF/Latch <delay_3_21> in Unit <module_filtro_fir> is equivalent to the following 6 FFs/Latches, which will be removed : <delay_3_22> <delay_3_23> <delay_3_24> <delay_3_25> <delay_3_26> <delay_3_27> 
INFO:Xst:2261 - The FF/Latch <delay_4_21> in Unit <module_filtro_fir> is equivalent to the following 6 FFs/Latches, which will be removed : <delay_4_22> <delay_4_23> <delay_4_24> <delay_4_25> <delay_4_26> <delay_4_27> 
INFO:Xst:2261 - The FF/Latch <delay_5_21> in Unit <module_filtro_fir> is equivalent to the following 6 FFs/Latches, which will be removed : <delay_5_22> <delay_5_23> <delay_5_24> <delay_5_25> <delay_5_26> <delay_5_27> 
INFO:Xst:2261 - The FF/Latch <delay_6_21> in Unit <module_filtro_fir> is equivalent to the following 6 FFs/Latches, which will be removed : <delay_6_22> <delay_6_23> <delay_6_24> <delay_6_25> <delay_6_26> <delay_6_27> 
INFO:Xst:2261 - The FF/Latch <delay_7_21> in Unit <module_filtro_fir> is equivalent to the following 6 FFs/Latches, which will be removed : <delay_7_22> <delay_7_23> <delay_7_24> <delay_7_25> <delay_7_26> <delay_7_27> 
INFO:Xst:2261 - The FF/Latch <delay_8_21> in Unit <module_filtro_fir> is equivalent to the following 6 FFs/Latches, which will be removed : <delay_8_22> <delay_8_23> <delay_8_24> <delay_8_25> <delay_8_26> <delay_8_27> 
INFO:Xst:2261 - The FF/Latch <delay_9_21> in Unit <module_filtro_fir> is equivalent to the following 6 FFs/Latches, which will be removed : <delay_9_22> <delay_9_23> <delay_9_24> <delay_9_25> <delay_9_26> <delay_9_27> 
INFO:Xst:2261 - The FF/Latch <delay_10_21> in Unit <module_filtro_fir> is equivalent to the following 6 FFs/Latches, which will be removed : <delay_10_22> <delay_10_23> <delay_10_24> <delay_10_25> <delay_10_26> <delay_10_27> 
INFO:Xst:2261 - The FF/Latch <delay_11_21> in Unit <module_filtro_fir> is equivalent to the following 6 FFs/Latches, which will be removed : <delay_11_22> <delay_11_23> <delay_11_24> <delay_11_25> <delay_11_26> <delay_11_27> 
INFO:Xst:2261 - The FF/Latch <delay_12_21> in Unit <module_filtro_fir> is equivalent to the following 6 FFs/Latches, which will be removed : <delay_12_22> <delay_12_23> <delay_12_24> <delay_12_25> <delay_12_26> <delay_12_27> 
INFO:Xst:2261 - The FF/Latch <delay_13_21> in Unit <module_filtro_fir> is equivalent to the following 6 FFs/Latches, which will be removed : <delay_13_22> <delay_13_23> <delay_13_24> <delay_13_25> <delay_13_26> <delay_13_27> 
INFO:Xst:2261 - The FF/Latch <delay_14_21> in Unit <module_filtro_fir> is equivalent to the following 6 FFs/Latches, which will be removed : <delay_14_22> <delay_14_23> <delay_14_24> <delay_14_25> <delay_14_26> <delay_14_27> 
INFO:Xst:2261 - The FF/Latch <delay_15_21> in Unit <module_filtro_fir> is equivalent to the following 6 FFs/Latches, which will be removed : <delay_15_22> <delay_15_23> <delay_15_24> <delay_15_25> <delay_15_26> <delay_15_27> 
INFO:Xst:2261 - The FF/Latch <delay_16_21> in Unit <module_filtro_fir> is equivalent to the following 6 FFs/Latches, which will be removed : <delay_16_22> <delay_16_23> <delay_16_24> <delay_16_25> <delay_16_26> <delay_16_27> 
INFO:Xst:2261 - The FF/Latch <delay_17_21> in Unit <module_filtro_fir> is equivalent to the following 6 FFs/Latches, which will be removed : <delay_17_22> <delay_17_23> <delay_17_24> <delay_17_25> <delay_17_26> <delay_17_27> 
INFO:Xst:2261 - The FF/Latch <delay_18_21> in Unit <module_filtro_fir> is equivalent to the following 6 FFs/Latches, which will be removed : <delay_18_22> <delay_18_23> <delay_18_24> <delay_18_25> <delay_18_26> <delay_18_27> 
INFO:Xst:2261 - The FF/Latch <delay_19_21> in Unit <module_filtro_fir> is equivalent to the following 6 FFs/Latches, which will be removed : <delay_19_22> <delay_19_23> <delay_19_24> <delay_19_25> <delay_19_26> <delay_19_27> 
INFO:Xst:2261 - The FF/Latch <delay_20_21> in Unit <module_filtro_fir> is equivalent to the following 6 FFs/Latches, which will be removed : <delay_20_22> <delay_20_23> <delay_20_24> <delay_20_25> <delay_20_26> <delay_20_27> 
INFO:Xst:2261 - The FF/Latch <delay_21_21> in Unit <module_filtro_fir> is equivalent to the following 6 FFs/Latches, which will be removed : <delay_21_22> <delay_21_23> <delay_21_24> <delay_21_25> <delay_21_26> <delay_21_27> 
INFO:Xst:2261 - The FF/Latch <delay_22_21> in Unit <module_filtro_fir> is equivalent to the following 6 FFs/Latches, which will be removed : <delay_22_22> <delay_22_23> <delay_22_24> <delay_22_25> <delay_22_26> <delay_22_27> 
INFO:Xst:2261 - The FF/Latch <delay_23_21> in Unit <module_filtro_fir> is equivalent to the following 6 FFs/Latches, which will be removed : <delay_23_22> <delay_23_23> <delay_23_24> <delay_23_25> <delay_23_26> <delay_23_27> 
INFO:Xst:2261 - The FF/Latch <delay_24_21> in Unit <module_filtro_fir> is equivalent to the following 6 FFs/Latches, which will be removed : <delay_24_22> <delay_24_23> <delay_24_24> <delay_24_25> <delay_24_26> <delay_24_27> 
INFO:Xst:2261 - The FF/Latch <delay_25_21> in Unit <module_filtro_fir> is equivalent to the following 6 FFs/Latches, which will be removed : <delay_25_22> <delay_25_23> <delay_25_24> <delay_25_25> <delay_25_26> <delay_25_27> 
INFO:Xst:2261 - The FF/Latch <delay_26_21> in Unit <module_filtro_fir> is equivalent to the following 6 FFs/Latches, which will be removed : <delay_26_22> <delay_26_23> <delay_26_24> <delay_26_25> <delay_26_26> <delay_26_27> 
INFO:Xst:2261 - The FF/Latch <delay_27_21> in Unit <module_filtro_fir> is equivalent to the following 6 FFs/Latches, which will be removed : <delay_27_22> <delay_27_23> <delay_27_24> <delay_27_25> <delay_27_26> <delay_27_27> 
INFO:Xst:2261 - The FF/Latch <delay_28_21> in Unit <module_filtro_fir> is equivalent to the following 6 FFs/Latches, which will be removed : <delay_28_22> <delay_28_23> <delay_28_24> <delay_28_25> <delay_28_26> <delay_28_27> 
INFO:Xst:2261 - The FF/Latch <delay_29_21> in Unit <module_filtro_fir> is equivalent to the following 6 FFs/Latches, which will be removed : <delay_29_22> <delay_29_23> <delay_29_24> <delay_29_25> <delay_29_26> <delay_29_27> 
INFO:Xst:2261 - The FF/Latch <delay_30_21> in Unit <module_filtro_fir> is equivalent to the following 6 FFs/Latches, which will be removed : <delay_30_22> <delay_30_23> <delay_30_24> <delay_30_25> <delay_30_26> <delay_30_27> 
WARNING:Xst:1710 - FF/Latch <data_1> (without init value) has a constant value of 0 in block <module_DAC_ctrl>. This FF/Latch will be trimmed during the optimization process.
WARNING:Xst:1895 - Due to other FF/Latch trimming, FF/Latch <data_2> (without init value) has a constant value of 0 in block <module_DAC_ctrl>. This FF/Latch will be trimmed during the optimization process.
WARNING:Xst:1895 - Due to other FF/Latch trimming, FF/Latch <data_3> (without init value) has a constant value of 0 in block <module_DAC_ctrl>. This FF/Latch will be trimmed during the optimization process.
WARNING:Xst:1895 - Due to other FF/Latch trimming, FF/Latch <data_4> (without init value) has a constant value of 0 in block <module_DAC_ctrl>. This FF/Latch will be trimmed during the optimization process.
WARNING:Xst:1895 - Due to other FF/Latch trimming, FF/Latch <data_5> (without init value) has a constant value of 0 in block <module_DAC_ctrl>. This FF/Latch will be trimmed during the optimization process.
WARNING:Xst:1895 - Due to other FF/Latch trimming, FF/Latch <data_6> (without init value) has a constant value of 0 in block <module_DAC_ctrl>. This FF/Latch will be trimmed during the optimization process.
WARNING:Xst:1895 - Due to other FF/Latch trimming, FF/Latch <data_7> (without init value) has a constant value of 0 in block <module_DAC_ctrl>. This FF/Latch will be trimmed during the optimization process.
WARNING:Xst:1895 - Due to other FF/Latch trimming, FF/Latch <data_8> (without init value) has a constant value of 0 in block <module_DAC_ctrl>. This FF/Latch will be trimmed during the optimization process.
WARNING:Xst:1895 - Due to other FF/Latch trimming, FF/Latch <data_9> (without init value) has a constant value of 0 in block <module_DAC_ctrl>. This FF/Latch will be trimmed during the optimization process.
WARNING:Xst:1895 - Due to other FF/Latch trimming, FF/Latch <data_10> (without init value) has a constant value of 0 in block <module_DAC_ctrl>. This FF/Latch will be trimmed during the optimization process.
WARNING:Xst:1895 - Due to other FF/Latch trimming, FF/Latch <data_11> (without init value) has a constant value of 0 in block <module_DAC_ctrl>. This FF/Latch will be trimmed during the optimization process.
WARNING:Xst:1895 - Due to other FF/Latch trimming, FF/Latch <data_12> (without init value) has a constant value of 0 in block <module_DAC_ctrl>. This FF/Latch will be trimmed during the optimization process.
WARNING:Xst:1895 - Due to other FF/Latch trimming, FF/Latch <data_13> (without init value) has a constant value of 0 in block <module_DAC_ctrl>. This FF/Latch will be trimmed during the optimization process.
WARNING:Xst:1895 - Due to other FF/Latch trimming, FF/Latch <data_14> (without init value) has a constant value of 0 in block <module_DAC_ctrl>. This FF/Latch will be trimmed during the optimization process.
WARNING:Xst:1895 - Due to other FF/Latch trimming, FF/Latch <data_15> (without init value) has a constant value of 0 in block <module_DAC_ctrl>. This FF/Latch will be trimmed during the optimization process.

Optimizing unit <module_Filtro_Master> ...

Optimizing unit <module_filtro_fir> ...

Optimizing unit <module_ADC_ctrl> ...

Optimizing unit <module_DAC_ctrl> ...
INFO:Xst:2261 - The FF/Latch <ADC/ini_ant> in Unit <module_Filtro_Master> is equivalent to the following FF/Latch, which will be removed : <DAC/ini_ant> 

Mapping all equations...
Building and optimizing final netlist ...
Found area constraint ratio of 100 (+ 5) on block module_Filtro_Master, actual ratio is 11.

Final Macro Processing ...

=========================================================================
Final Register Report

Macro Statistics
# Registers                                            : 432
 Flip-Flops                                            : 432

=========================================================================

=========================================================================
*                           Partition Report                            *
=========================================================================

Partition Implementation Status
-------------------------------

  No Partitions were found in this design.

-------------------------------

=========================================================================
*                            Design Summary                             *
=========================================================================

Top Level Output File Name         : module_Filtro_Master.ngc

Primitive and Black Box Usage:
------------------------------
# BELS                             : 1588
#      GND                         : 1
#      INV                         : 8
#      LUT2                        : 236
#      LUT3                        : 229
#      LUT4                        : 228
#      LUT5                        : 6
#      LUT6                        : 20
#      MUXCY                       : 428
#      VCC                         : 1
#      XORCY                       : 431
# FlipFlops/Latches                : 434
#      FD                          : 20
#      FDC                         : 372
#      FDE                         : 24
#      FDR                         : 6
#      FDRE                        : 10
#      ODDR2                       : 2
# Clock Buffers                    : 3
#      BUFG                        : 3
# IO Buffers                       : 19
#      IBUF                        : 4
#      IBUFG                       : 1
#      OBUF                        : 14
# DCMs                             : 1
#      DCM_SP                      : 1
# DSPs                             : 16
#      DSP48A1                     : 16

Device utilization summary:
---------------------------

Selected Device : 6slx16csg324-3 


Slice Logic Utilization: 
 Number of Slice Registers:             434  out of  18224     2%  
 Number of Slice LUTs:                  727  out of   9112     7%  
    Number used as Logic:               727  out of   9112     7%  

Slice Logic Distribution: 
 Number of LUT Flip Flop pairs used:   1016
   Number with an unused Flip Flop:     582  out of   1016    57%  
   Number with an unused LUT:           289  out of   1016    28%  
   Number of fully used LUT-FF pairs:   145  out of   1016    14%  
   Number of unique control sets:         7

IO Utilization: 
 Number of IOs:                          19
 Number of bonded IOBs:                  19  out of    232     8%  

Specific Feature Utilization:
 Number of BUFG/BUFGCTRLs:                3  out of     16    18%  
 Number of DSP48A1s:                     16  out of     32    50%  

---------------------------
Partition Resource Summary:
---------------------------

  No Partitions were found in this design.

---------------------------


=========================================================================
Timing Report

NOTE: THESE TIMING NUMBERS ARE ONLY A SYNTHESIS ESTIMATE.
      FOR ACCURATE TIMING INFORMATION PLEASE REFER TO THE TRACE REPORT
      GENERATED AFTER PLACE-and-ROUTE.

Clock Information:
------------------
-----------------------------------+------------------------+-------+
Clock Signal                       | Clock buffer(FF name)  | Load  |
-----------------------------------+------------------------+-------+
clk                                | DCM_SP:CLKFX           | 64    |
div2/clkout                        | BUFG                   | 372   |
-----------------------------------+------------------------+-------+

Asynchronous Control Signals Information:
----------------------------------------
No asynchronous control signals found in this design

Timing Summary:
---------------
Speed Grade: -3

   Minimum period: 1.351ns (Maximum Frequency: 740.439MHz)
   Minimum input arrival time before clock: 24.493ns
   Maximum output required time after clock: 3.634ns
   Maximum combinational path delay: No path found

Timing Details:
---------------
All values displayed in nanoseconds (ns)

=========================================================================
Timing constraint: Default period analysis for Clock 'clk'
  Clock period: 0.828ns (frequency: 1207.642MHz)
  Total number of paths / destination ports: 516 / 109
-------------------------------------------------------------------------
Delay:               4.140ns (Levels of Logic = 3)
  Source:            ADC/ini_ant (FF)
  Destination:       DAC/datb_11 (FF)
  Source Clock:      clk rising 0.2X
  Destination Clock: clk rising 0.2X

  Data Path: ADC/ini_ant to DAC/datb_11
                                Gate     Net
    Cell:in->out      fanout   Delay   Delay  Logical Name (Net Name)
    ----------------------------------------  ------------
     FD:C->Q              10   0.447   0.961  ADC/ini_ant (ADC/ini_ant)
     LUT2:I0->O           22   0.203   1.134  ADC/i_ini_ini_ant_AND_1_o1 (ADC/i_ini_ini_ant_AND_1_o)
     LUT6:I5->O           11   0.205   0.883  DAC/Mmux_datb[15]_GND_59_o_mux_8_OUT1021 (DAC/Mmux_datb[15]_GND_59_o_mux_8_OUT102)
     LUT6:I5->O            1   0.205   0.000  DAC/Mmux_datb[15]_GND_59_o_mux_8_OUT31 (DAC/datb[15]_GND_59_o_mux_8_OUT<11>)
     FD:D                      0.102          DAC/datb_11
    ----------------------------------------
    Total                      4.140ns (1.162ns logic, 2.978ns route)
                                       (28.1% logic, 71.9% route)

=========================================================================
Timing constraint: Default period analysis for Clock 'div2/clkout'
  Clock period: 1.351ns (frequency: 740.439MHz)
  Total number of paths / destination ports: 360 / 360
-------------------------------------------------------------------------
Delay:               1.351ns (Levels of Logic = 0)
  Source:            Top_Desing_Filter/module_filtro_fir_inst/delay_15_21 (FF)
  Destination:       Top_Desing_Filter/module_filtro_fir_inst/delay_16_21 (FF)
  Source Clock:      div2/clkout rising
  Destination Clock: div2/clkout rising

  Data Path: Top_Desing_Filter/module_filtro_fir_inst/delay_15_21 to Top_Desing_Filter/module_filtro_fir_inst/delay_16_21
                                Gate     Net
    Cell:in->out      fanout   Delay   Delay  Logical Name (Net Name)
    ----------------------------------------  ------------
     FDC:C->Q              8   0.447   0.802  Top_Desing_Filter/module_filtro_fir_inst/delay_15_21 (Top_Desing_Filter/module_filtro_fir_inst/delay_15_21)
     FDC:D                     0.102          Top_Desing_Filter/module_filtro_fir_inst/delay_16_21
    ----------------------------------------
    Total                      1.351ns (0.549ns logic, 0.802ns route)
                                       (40.7% logic, 59.3% route)

=========================================================================
Timing constraint: Default OFFSET IN BEFORE for Clock 'div2/clkout'
  Total number of paths / destination ports: 372 / 372
-------------------------------------------------------------------------
Offset:              3.729ns (Levels of Logic = 1)
  Source:            reset<0> (PAD)
  Destination:       Top_Desing_Filter/module_filtro_fir_inst/delay_30_21 (FF)
  Destination Clock: div2/clkout rising

  Data Path: reset<0> to Top_Desing_Filter/module_filtro_fir_inst/delay_30_21
                                Gate     Net
    Cell:in->out      fanout   Delay   Delay  Logical Name (Net Name)
    ----------------------------------------  ------------
     IBUF:I->O           372   1.222   2.077  reset_0_IBUF (reset_0_IBUF)
     FDC:CLR                   0.430          Top_Desing_Filter/module_filtro_fir_inst/delay_0_10
    ----------------------------------------
    Total                      3.729ns (1.652ns logic, 2.077ns route)
                                       (44.3% logic, 55.7% route)

=========================================================================
Timing constraint: Default OFFSET IN BEFORE for Clock 'clk'
  Total number of paths / destination ports: 1603479587125 / 13
-------------------------------------------------------------------------
Offset:              24.493ns (Levels of Logic = 51)
  Source:            selec_filter<1> (PAD)
  Destination:       DAC/datb_11 (FF)
  Destination Clock: clk rising 0.2X

  Data Path: selec_filter<1> to DAC/datb_11
                                Gate     Net
    Cell:in->out      fanout   Delay   Delay  Logical Name (Net Name)
    ----------------------------------------  ------------
     IBUF:I->O            14   1.222   0.957  selec_filter_1_IBUF (selec_filter_1_IBUF)
     INV:I->O             25   0.206   1.192  Top_Desing_Filter/module_filtro_fir_inst/coeb_impulrespon<0><10>1_INV_0 (Top_Desing_Filter/module_filtro_fir_inst/coeb_impulrespon<0><10>)
     DSP48A1:A10->M1       2   2.835   0.845  Top_Desing_Filter/module_filtro_fir_inst/module_prod_inst/Mmult_result (Top_Desing_Filter/module_filtro_fir_inst/prod<0><0>)
     LUT3:I0->O            1   0.205   0.580  Top_Desing_Filter/module_filtro_fir_inst/ADDER_FOR_MULTADD_Madd1 (Top_Desing_Filter/module_filtro_fir_inst/ADDER_FOR_MULTADD_Madd1)
     LUT4:I3->O            1   0.205   0.000  Top_Desing_Filter/module_filtro_fir_inst/ADDER_FOR_MULTADD_Madd1_lut<0>1 (Top_Desing_Filter/module_filtro_fir_inst/ADDER_FOR_MULTADD_Madd1_lut<0>1)
     MUXCY:S->O            1   0.172   0.000  Top_Desing_Filter/module_filtro_fir_inst/ADDER_FOR_MULTADD_Madd1_cy<0>_0 (Top_Desing_Filter/module_filtro_fir_inst/ADDER_FOR_MULTADD_Madd1_cy<0>1)
     MUXCY:CI->O           1   0.019   0.000  Top_Desing_Filter/module_filtro_fir_inst/ADDER_FOR_MULTADD_Madd1_cy<0>_1 (Top_Desing_Filter/module_filtro_fir_inst/ADDER_FOR_MULTADD_Madd1_cy<0>2)
     MUXCY:CI->O           1   0.019   0.000  Top_Desing_Filter/module_filtro_fir_inst/ADDER_FOR_MULTADD_Madd1_cy<0>_2 (Top_Desing_Filter/module_filtro_fir_inst/ADDER_FOR_MULTADD_Madd1_cy<0>3)
     MUXCY:CI->O           1   0.019   0.000  Top_Desing_Filter/module_filtro_fir_inst/ADDER_FOR_MULTADD_Madd1_cy<0>_3 (Top_Desing_Filter/module_filtro_fir_inst/ADDER_FOR_MULTADD_Madd1_cy<0>4)
     MUXCY:CI->O           1   0.019   0.000  Top_Desing_Filter/module_filtro_fir_inst/ADDER_FOR_MULTADD_Madd1_cy<0>_4 (Top_Desing_Filter/module_filtro_fir_inst/ADDER_FOR_MULTADD_Madd1_cy<0>5)
     MUXCY:CI->O           1   0.019   0.000  Top_Desing_Filter/module_filtro_fir_inst/ADDER_FOR_MULTADD_Madd1_cy<0>_5 (Top_Desing_Filter/module_filtro_fir_inst/ADDER_FOR_MULTADD_Madd1_cy<0>6)
     MUXCY:CI->O           1   0.019   0.000  Top_Desing_Filter/module_filtro_fir_inst/ADDER_FOR_MULTADD_Madd1_cy<0>_6 (Top_Desing_Filter/module_filtro_fir_inst/ADDER_FOR_MULTADD_Madd1_cy<0>7)
     MUXCY:CI->O           1   0.019   0.000  Top_Desing_Filter/module_filtro_fir_inst/ADDER_FOR_MULTADD_Madd1_cy<0>_7 (Top_Desing_Filter/module_filtro_fir_inst/ADDER_FOR_MULTADD_Madd1_cy<0>8)
     MUXCY:CI->O           1   0.019   0.000  Top_Desing_Filter/module_filtro_fir_inst/ADDER_FOR_MULTADD_Madd1_cy<0>_8 (Top_Desing_Filter/module_filtro_fir_inst/ADDER_FOR_MULTADD_Madd1_cy<0>9)
     MUXCY:CI->O           1   0.019   0.000  Top_Desing_Filter/module_filtro_fir_inst/ADDER_FOR_MULTADD_Madd1_cy<0>_9 (Top_Desing_Filter/module_filtro_fir_inst/ADDER_FOR_MULTADD_Madd1_cy<0>10)
     MUXCY:CI->O           1   0.019   0.000  Top_Desing_Filter/module_filtro_fir_inst/ADDER_FOR_MULTADD_Madd1_cy<0>_10 (Top_Desing_Filter/module_filtro_fir_inst/ADDER_FOR_MULTADD_Madd1_cy<0>11)
     MUXCY:CI->O           1   0.019   0.000  Top_Desing_Filter/module_filtro_fir_inst/ADDER_FOR_MULTADD_Madd1_cy<0>_11 (Top_Desing_Filter/module_filtro_fir_inst/ADDER_FOR_MULTADD_Madd1_cy<0>12)
     MUXCY:CI->O           1   0.019   0.000  Top_Desing_Filter/module_filtro_fir_inst/ADDER_FOR_MULTADD_Madd1_cy<0>_12 (Top_Desing_Filter/module_filtro_fir_inst/ADDER_FOR_MULTADD_Madd1_cy<0>13)
     MUXCY:CI->O           1   0.019   0.000  Top_Desing_Filter/module_filtro_fir_inst/ADDER_FOR_MULTADD_Madd1_cy<0>_13 (Top_Desing_Filter/module_filtro_fir_inst/ADDER_FOR_MULTADD_Madd1_cy<0>14)
     MUXCY:CI->O           1   0.019   0.000  Top_Desing_Filter/module_filtro_fir_inst/ADDER_FOR_MULTADD_Madd1_cy<0>_14 (Top_Desing_Filter/module_filtro_fir_inst/ADDER_FOR_MULTADD_Madd1_cy<0>15)
     MUXCY:CI->O           1   0.019   0.000  Top_Desing_Filter/module_filtro_fir_inst/ADDER_FOR_MULTADD_Madd1_cy<0>_15 (Top_Desing_Filter/module_filtro_fir_inst/ADDER_FOR_MULTADD_Madd1_cy<0>16)
     MUXCY:CI->O           1   0.019   0.000  Top_Desing_Filter/module_filtro_fir_inst/ADDER_FOR_MULTADD_Madd1_cy<0>_16 (Top_Desing_Filter/module_filtro_fir_inst/ADDER_FOR_MULTADD_Madd1_cy<0>17)
     XORCY:CI->O           2   0.180   0.845  Top_Desing_Filter/module_filtro_fir_inst/ADDER_FOR_MULTADD_Madd1_xor<0>_17 (Top_Desing_Filter/module_filtro_fir_inst/ADDER_FOR_MULTADD_Madd_181)
     LUT3:I0->O            1   0.205   0.580  Top_Desing_Filter/module_filtro_fir_inst/ADDER_FOR_MULTADD_Madd318 (Top_Desing_Filter/module_filtro_fir_inst/ADDER_FOR_MULTADD_Madd318)
     LUT4:I3->O            1   0.205   0.000  Top_Desing_Filter/module_filtro_fir_inst/ADDER_FOR_MULTADD_Madd3_lut<0>19 (Top_Desing_Filter/module_filtro_fir_inst/ADDER_FOR_MULTADD_Madd3_lut<0>19)
     MUXCY:S->O            1   0.172   0.000  Top_Desing_Filter/module_filtro_fir_inst/ADDER_FOR_MULTADD_Madd3_cy<0>_18 (Top_Desing_Filter/module_filtro_fir_inst/ADDER_FOR_MULTADD_Madd3_cy<0>19)
     XORCY:CI->O           2   0.180   0.845  Top_Desing_Filter/module_filtro_fir_inst/ADDER_FOR_MULTADD_Madd3_xor<0>_19 (Top_Desing_Filter/module_filtro_fir_inst/ADDER_FOR_MULTADD_Madd_203)
     LUT3:I0->O            1   0.205   0.580  Top_Desing_Filter/module_filtro_fir_inst/ADDER_FOR_MULTADD_Madd520 (Top_Desing_Filter/module_filtro_fir_inst/ADDER_FOR_MULTADD_Madd520)
     LUT4:I3->O            1   0.205   0.000  Top_Desing_Filter/module_filtro_fir_inst/ADDER_FOR_MULTADD_Madd5_lut<0>21 (Top_Desing_Filter/module_filtro_fir_inst/ADDER_FOR_MULTADD_Madd5_lut<0>21)
     MUXCY:S->O            1   0.172   0.000  Top_Desing_Filter/module_filtro_fir_inst/ADDER_FOR_MULTADD_Madd5_cy<0>_20 (Top_Desing_Filter/module_filtro_fir_inst/ADDER_FOR_MULTADD_Madd5_cy<0>21)
     XORCY:CI->O           2   0.180   0.845  Top_Desing_Filter/module_filtro_fir_inst/ADDER_FOR_MULTADD_Madd5_xor<0>_21 (Top_Desing_Filter/module_filtro_fir_inst/ADDER_FOR_MULTADD_Madd_225)
     LUT3:I0->O            1   0.205   0.580  Top_Desing_Filter/module_filtro_fir_inst/ADDER_FOR_MULTADD_Madd722 (Top_Desing_Filter/module_filtro_fir_inst/ADDER_FOR_MULTADD_Madd722)
     LUT4:I3->O            1   0.205   0.000  Top_Desing_Filter/module_filtro_fir_inst/ADDER_FOR_MULTADD_Madd7_lut<0>23 (Top_Desing_Filter/module_filtro_fir_inst/ADDER_FOR_MULTADD_Madd7_lut<0>23)
     MUXCY:S->O            1   0.172   0.000  Top_Desing_Filter/module_filtro_fir_inst/ADDER_FOR_MULTADD_Madd7_cy<0>_22 (Top_Desing_Filter/module_filtro_fir_inst/ADDER_FOR_MULTADD_Madd7_cy<0>23)
     XORCY:CI->O           2   0.180   0.845  Top_Desing_Filter/module_filtro_fir_inst/ADDER_FOR_MULTADD_Madd7_xor<0>_23 (Top_Desing_Filter/module_filtro_fir_inst/ADDER_FOR_MULTADD_Madd_247)
     LUT3:I0->O            1   0.205   0.580  Top_Desing_Filter/module_filtro_fir_inst/ADDER_FOR_MULTADD_Madd924 (Top_Desing_Filter/module_filtro_fir_inst/ADDER_FOR_MULTADD_Madd924)
     LUT4:I3->O            1   0.205   0.000  Top_Desing_Filter/module_filtro_fir_inst/ADDER_FOR_MULTADD_Madd9_lut<0>25 (Top_Desing_Filter/module_filtro_fir_inst/ADDER_FOR_MULTADD_Madd9_lut<0>25)
     MUXCY:S->O            1   0.172   0.000  Top_Desing_Filter/module_filtro_fir_inst/ADDER_FOR_MULTADD_Madd9_cy<0>_24 (Top_Desing_Filter/module_filtro_fir_inst/ADDER_FOR_MULTADD_Madd9_cy<0>25)
     XORCY:CI->O           2   0.180   0.845  Top_Desing_Filter/module_filtro_fir_inst/ADDER_FOR_MULTADD_Madd9_xor<0>_25 (Top_Desing_Filter/module_filtro_fir_inst/ADDER_FOR_MULTADD_Madd_269)
     LUT3:I0->O            1   0.205   0.580  Top_Desing_Filter/module_filtro_fir_inst/ADDER_FOR_MULTADD_Madd1135 (Top_Desing_Filter/module_filtro_fir_inst/ADDER_FOR_MULTADD_Madd1136)
     LUT4:I3->O            1   0.205   0.000  Top_Desing_Filter/module_filtro_fir_inst/ADDER_FOR_MULTADD_Madd11_lut<0>27 (Top_Desing_Filter/module_filtro_fir_inst/ADDER_FOR_MULTADD_Madd11_lut<0>27)
     MUXCY:S->O            1   0.172   0.000  Top_Desing_Filter/module_filtro_fir_inst/ADDER_FOR_MULTADD_Madd11_cy<0>_26 (Top_Desing_Filter/module_filtro_fir_inst/ADDER_FOR_MULTADD_Madd11_cy<0>27)
     XORCY:CI->O           2   0.180   0.845  Top_Desing_Filter/module_filtro_fir_inst/ADDER_FOR_MULTADD_Madd11_xor<0>_27 (Top_Desing_Filter/module_filtro_fir_inst/ADDER_FOR_MULTADD_Madd_2811)
     LUT3:I0->O            1   0.205   0.580  Top_Desing_Filter/module_filtro_fir_inst/ADDER_FOR_MULTADD_Madd1333 (Top_Desing_Filter/module_filtro_fir_inst/ADDER_FOR_MULTADD_Madd1330)
     LUT4:I3->O            1   0.205   0.000  Top_Desing_Filter/module_filtro_fir_inst/ADDER_FOR_MULTADD_Madd13_lut<0>29 (Top_Desing_Filter/module_filtro_fir_inst/ADDER_FOR_MULTADD_Madd13_lut<0>29)
     MUXCY:S->O            1   0.172   0.000  Top_Desing_Filter/module_filtro_fir_inst/ADDER_FOR_MULTADD_Madd13_cy<0>_28 (Top_Desing_Filter/module_filtro_fir_inst/ADDER_FOR_MULTADD_Madd13_cy<0>29)
     XORCY:CI->O           1   0.180   0.684  Top_Desing_Filter/module_filtro_fir_inst/ADDER_FOR_MULTADD_Madd13_xor<0>_29 (Top_Desing_Filter/module_filtro_fir_inst/ADDER_FOR_MULTADD_Madd_3013)
     LUT2:I0->O            1   0.203   0.000  Top_Desing_Filter/module_filtro_fir_inst/ADDER_FOR_MULTADD_Madd14_lut<30> (Top_Desing_Filter/module_filtro_fir_inst/ADDER_FOR_MULTADD_Madd14_lut<30>)
     MUXCY:S->O            0   0.172   0.000  Top_Desing_Filter/module_filtro_fir_inst/ADDER_FOR_MULTADD_Madd14_cy<30> (Top_Desing_Filter/module_filtro_fir_inst/ADDER_FOR_MULTADD_Madd14_cy<30>)
     XORCY:CI->O           1   0.180   0.924  Top_Desing_Filter/module_filtro_fir_inst/ADDER_FOR_MULTADD_Madd14_xor<31> (Top_Desing_Filter/ca2bin<31>)
     LUT6:I1->O            1   0.203   0.000  DAC/Mmux_datb[15]_GND_59_o_mux_8_OUT31 (DAC/datb[15]_GND_59_o_mux_8_OUT<11>)
     FD:D                      0.102          DAC/datb_11
    ----------------------------------------
    Total                     24.493ns (10.761ns logic, 13.732ns route)
                                       (43.9% logic, 56.1% route)

=========================================================================
Timing constraint: Default OFFSET OUT AFTER for Clock 'clk'
  Total number of paths / destination ports: 11 / 11
-------------------------------------------------------------------------
Offset:              3.634ns (Levels of Logic = 1)
  Source:            ADC/o_dato_11 (FF)
  Destination:       Led<7> (PAD)
  Source Clock:      clk rising 0.2X

  Data Path: ADC/o_dato_11 to Led<7>
                                Gate     Net
    Cell:in->out      fanout   Delay   Delay  Logical Name (Net Name)
    ----------------------------------------  ------------
     FDE:C->Q              2   0.447   0.616  ADC/o_dato_11 (ADC/o_dato_11)
     OBUF:I->O                 2.571          Led_7_OBUF (Led<7>)
    ----------------------------------------
    Total                      3.634ns (3.018ns logic, 0.616ns route)
                                       (83.0% logic, 17.0% route)

=========================================================================

Cross Clock Domains Report:
--------------------------

Clock to Setup on destination clock clk
---------------+---------+---------+---------+---------+
               | Src:Rise| Src:Fall| Src:Rise| Src:Fall|
Source Clock   |Dest:Rise|Dest:Rise|Dest:Fall|Dest:Fall|
---------------+---------+---------+---------+---------+
clk            |    4.140|         |         |         |
div2/clkout    |   24.084|         |         |         |
---------------+---------+---------+---------+---------+

Clock to Setup on destination clock div2/clkout
---------------+---------+---------+---------+---------+
               | Src:Rise| Src:Fall| Src:Rise| Src:Fall|
Source Clock   |Dest:Rise|Dest:Rise|Dest:Fall|Dest:Fall|
---------------+---------+---------+---------+---------+
clk            |    1.950|         |         |         |
div2/clkout    |    1.351|         |         |         |
---------------+---------+---------+---------+---------+

=========================================================================


Total REAL time to Xst completion: 9.00 secs
Total CPU time to Xst completion: 7.35 secs
 
--> 


Total memory usage is 525000 kilobytes

Number of errors   :    0 (   0 filtered)
Number of warnings :  758 (   0 filtered)
Number of infos    :   33 (   0 filtered)

